build,kernel,dataset,processes,median_ns_per_element,ci95_low,ci95_high
gcc-scalar,sum_if,p000,2,0.4230,0.4193,0.4268
gcc-scalar,sum_if,p100,2,2.3627,2.3560,2.3694
gcc-scalar,sum_if,p250,2,4.1611,4.1508,4.1713
gcc-scalar,sum_if,p500,2,5.8809,5.8441,5.9177
gcc-scalar,sum_if,p750,2,4.1574,4.0830,4.2317
gcc-scalar,sum_if,p900,2,2.2447,2.1778,2.3115
gcc-scalar,sum_if,p1000,2,0.4200,0.4197,0.4202
gcc-scalar,sum_if,p500_sorted,2,0.4230,0.4209,0.4250
gcc-scalar,sum_if,p500_alternating,2,0.4202,0.4197,0.4207
gcc-scalar,filter_copy,p000,2,0.4213,0.4196,0.4230
gcc-scalar,filter_copy,p100,2,2.3548,2.3533,2.3563
gcc-scalar,filter_copy,p250,2,4.2006,4.1109,4.2904
gcc-scalar,filter_copy,p500,2,5.8785,5.8724,5.8846
gcc-scalar,filter_copy,p750,2,4.0906,4.0729,4.1084
gcc-scalar,filter_copy,p900,2,2.2244,2.2060,2.2428
gcc-scalar,filter_copy,p1000,2,0.4543,0.4362,0.4724
gcc-scalar,filter_copy,p500_sorted,2,0.4249,0.4218,0.4281
gcc-scalar,filter_copy,p500_alternating,2,0.4256,0.4254,0.4258
gcc-scalar,filter_copy_mask,p000,2,0.4347,0.4323,0.4371
gcc-scalar,filter_copy_mask,p100,2,0.4369,0.4366,0.4373
gcc-scalar,filter_copy_mask,p250,2,0.4407,0.4378,0.4437
gcc-scalar,filter_copy_mask,p500,2,0.4664,0.4471,0.4856
gcc-scalar,filter_copy_mask,p750,2,0.4482,0.4434,0.4529
gcc-scalar,filter_copy_mask,p900,2,0.5477,0.5304,0.5650
gcc-scalar,filter_copy_mask,p1000,2,0.5622,0.5473,0.5771
gcc-scalar,filter_copy_mask,p500_sorted,2,0.4391,0.4328,0.4454
gcc-scalar,filter_copy_mask,p500_alternating,2,0.4454,0.4414,0.4494
gcc-O2,sum_if,p000,2,0.8359,0.8358,0.8359
gcc-O2,sum_if,p100,2,0.8358,0.8358,0.8358
gcc-O2,sum_if,p250,2,0.8357,0.8357,0.8358
gcc-O2,sum_if,p500,2,0.8358,0.8356,0.8359
gcc-O2,sum_if,p750,2,0.8359,0.8358,0.8360
gcc-O2,sum_if,p900,2,0.8359,0.8358,0.8359
gcc-O2,sum_if,p1000,2,0.8360,0.8357,0.8363
gcc-O2,sum_if,p500_sorted,2,0.8356,0.8355,0.8356
gcc-O2,sum_if,p500_alternating,2,0.8323,0.8289,0.8358
gcc-O2,filter_copy,p000,2,0.4192,0.4191,0.4193
gcc-O2,filter_copy,p100,2,2.3146,2.2991,2.3301
gcc-O2,filter_copy,p250,2,4.3151,4.3087,4.3216
gcc-O2,filter_copy,p500,2,5.9154,5.8977,5.9331
gcc-O2,filter_copy,p750,2,4.2219,4.1897,4.2541
gcc-O2,filter_copy,p900,2,2.2584,2.2195,2.2973
gcc-O2,filter_copy,p1000,2,0.4754,0.4675,0.4834
gcc-O2,filter_copy,p500_sorted,2,0.4221,0.4218,0.4223
gcc-O2,filter_copy,p500_alternating,2,0.4235,0.4209,0.4261
gcc-O2,filter_copy_mask,p000,2,0.4325,0.4309,0.4341
gcc-O2,filter_copy_mask,p100,2,0.4394,0.4373,0.4416
gcc-O2,filter_copy_mask,p250,2,0.4539,0.4445,0.4633
gcc-O2,filter_copy_mask,p500,2,0.4501,0.4500,0.4502
gcc-O2,filter_copy_mask,p750,2,0.4481,0.4471,0.4491
gcc-O2,filter_copy_mask,p900,2,0.4726,0.4408,0.5045
gcc-O2,filter_copy_mask,p1000,2,0.4487,0.4484,0.4490
gcc-O2,filter_copy_mask,p500_sorted,2,0.4340,0.4332,0.4348
gcc-O2,filter_copy_mask,p500_alternating,2,0.4806,0.4467,0.5146
gcc-O3-v3,sum_if,p000,2,0.2016,0.2009,0.2023
gcc-O3-v3,sum_if,p100,2,0.2016,0.1995,0.2036
gcc-O3-v3,sum_if,p250,2,0.2015,0.1999,0.2031
gcc-O3-v3,sum_if,p500,2,0.2019,0.2018,0.2020
gcc-O3-v3,sum_if,p750,2,0.1994,0.1991,0.1998
gcc-O3-v3,sum_if,p900,2,0.2047,0.1993,0.2102
gcc-O3-v3,sum_if,p1000,2,0.2089,0.2010,0.2168
gcc-O3-v3,sum_if,p500_sorted,2,0.2014,0.2011,0.2018
gcc-O3-v3,sum_if,p500_alternating,2,0.2008,0.2002,0.2014
gcc-O3-v3,filter_copy,p000,2,0.4028,0.4028,0.4029
gcc-O3-v3,filter_copy,p100,2,2.2476,2.2356,2.2596
gcc-O3-v3,filter_copy,p250,2,4.2522,4.1648,4.3395
gcc-O3-v3,filter_copy,p500,2,5.7959,5.7018,5.8900
gcc-O3-v3,filter_copy,p750,2,3.9730,3.8575,4.0886
gcc-O3-v3,filter_copy,p900,2,2.1789,2.1519,2.2060
gcc-O3-v3,filter_copy,p1000,2,0.5230,0.4500,0.5960
gcc-O3-v3,filter_copy,p500_sorted,2,0.4448,0.4105,0.4791
gcc-O3-v3,filter_copy,p500_alternating,2,0.4735,0.4044,0.5426
gcc-O3-v3,filter_copy_mask,p000,2,0.4161,0.4149,0.4173
gcc-O3-v3,filter_copy_mask,p100,2,0.4372,0.4254,0.4490
gcc-O3-v3,filter_copy_mask,p250,2,0.4293,0.4240,0.4346
gcc-O3-v3,filter_copy_mask,p500,2,0.4353,0.4283,0.4423
gcc-O3-v3,filter_copy_mask,p750,2,0.5762,0.4477,0.7047
gcc-O3-v3,filter_copy_mask,p900,2,0.4537,0.4467,0.4606
gcc-O3-v3,filter_copy_mask,p1000,2,0.4615,0.4338,0.4892
gcc-O3-v3,filter_copy_mask,p500_sorted,2,0.4337,0.4216,0.4457
gcc-O3-v3,filter_copy_mask,p500_alternating,2,0.4278,0.4271,0.4285
clang-scalar,sum_if,p000,2,0.3162,0.3092,0.3232
clang-scalar,sum_if,p100,2,0.3245,0.3228,0.3263
clang-scalar,sum_if,p250,2,0.3164,0.3108,0.3220
clang-scalar,sum_if,p500,2,0.3189,0.3093,0.3284
clang-scalar,sum_if,p750,2,0.3179,0.3098,0.3260
clang-scalar,sum_if,p900,2,0.3841,0.3270,0.4412
clang-scalar,sum_if,p1000,2,0.3173,0.3100,0.3245
clang-scalar,sum_if,p500_sorted,2,0.3173,0.3149,0.3196
clang-scalar,sum_if,p500_alternating,2,0.4184,0.3181,0.5187
clang-scalar,filter_copy,p000,2,0.3168,0.3160,0.3176
clang-scalar,filter_copy,p100,2,1.7140,1.6695,1.7585
clang-scalar,filter_copy,p250,2,3.1953,3.1575,3.2331
clang-scalar,filter_copy,p500,2,5.1086,5.0604,5.1567
clang-scalar,filter_copy,p750,2,3.2151,3.0845,3.3456
clang-scalar,filter_copy,p900,2,1.5030,1.4956,1.5105
clang-scalar,filter_copy,p1000,2,0.5188,0.4268,0.6109
clang-scalar,filter_copy,p500_sorted,2,0.4040,0.3472,0.4608
clang-scalar,filter_copy,p500_alternating,2,0.3550,0.3203,0.3896
clang-scalar,filter_copy_mask,p000,2,0.4163,0.4138,0.4189
clang-scalar,filter_copy_mask,p100,2,0.4400,0.4393,0.4407
clang-scalar,filter_copy_mask,p250,2,0.4359,0.4347,0.4372
clang-scalar,filter_copy_mask,p500,2,0.4843,0.4194,0.5492
clang-scalar,filter_copy_mask,p750,2,0.6423,0.4316,0.8531
clang-scalar,filter_copy_mask,p900,2,0.4527,0.4316,0.4739
clang-scalar,filter_copy_mask,p1000,2,0.6171,0.5536,0.6805
clang-scalar,filter_copy_mask,p500_sorted,2,0.4410,0.4295,0.4525
clang-scalar,filter_copy_mask,p500_alternating,2,0.4442,0.4391,0.4492
clang-O2,sum_if,p000,2,0.3097,0.3094,0.3099
clang-O2,sum_if,p100,2,0.3099,0.3088,0.3109
clang-O2,sum_if,p250,2,0.3092,0.3092,0.3093
clang-O2,sum_if,p500,2,0.3098,0.3095,0.3102
clang-O2,sum_if,p750,2,0.3198,0.3168,0.3227
clang-O2,sum_if,p900,2,0.3094,0.3092,0.3097
clang-O2,sum_if,p1000,2,0.3092,0.3091,0.3093
clang-O2,sum_if,p500_sorted,2,0.3107,0.3107,0.3107
clang-O2,sum_if,p500_alternating,2,0.3110,0.3109,0.3111
clang-O2,filter_copy,p000,2,0.3087,0.3026,0.3148
clang-O2,filter_copy,p100,2,1.6461,1.6375,1.6547
clang-O2,filter_copy,p250,2,3.0912,3.0781,3.1044
clang-O2,filter_copy,p500,2,5.1104,5.0367,5.1841
clang-O2,filter_copy,p750,2,2.9718,2.9566,2.9869
clang-O2,filter_copy,p900,2,1.4771,1.4469,1.5073
clang-O2,filter_copy,p1000,2,0.4155,0.4088,0.4222
clang-O2,filter_copy,p500_sorted,2,0.3452,0.3439,0.3465
clang-O2,filter_copy,p500_alternating,2,0.3185,0.3108,0.3262
clang-O2,filter_copy_mask,p000,2,0.4127,0.4125,0.4130
clang-O2,filter_copy_mask,p100,2,0.4255,0.4128,0.4382
clang-O2,filter_copy_mask,p250,2,0.4133,0.4131,0.4136
clang-O2,filter_copy_mask,p500,2,0.4163,0.4152,0.4173
clang-O2,filter_copy_mask,p750,2,0.4186,0.4182,0.4189
clang-O2,filter_copy_mask,p900,2,0.4187,0.4145,0.4230
clang-O2,filter_copy_mask,p1000,2,0.4335,0.4213,0.4456
clang-O2,filter_copy_mask,p500_sorted,2,0.4102,0.4068,0.4136
clang-O2,filter_copy_mask,p500_alternating,2,0.4227,0.4103,0.4351
clang-O3-v3,sum_if,p000,2,0.1463,0.1459,0.1467
clang-O3-v3,sum_if,p100,2,0.1464,0.1463,0.1464
clang-O3-v3,sum_if,p250,2,0.1468,0.1463,0.1473
clang-O3-v3,sum_if,p500,2,0.1641,0.1465,0.1817
clang-O3-v3,sum_if,p750,2,0.1459,0.1458,0.1459
clang-O3-v3,sum_if,p900,2,0.1461,0.1456,0.1465
clang-O3-v3,sum_if,p1000,2,0.1485,0.1463,0.1507
clang-O3-v3,sum_if,p500_sorted,2,0.1475,0.1456,0.1494
clang-O3-v3,sum_if,p500_alternating,2,0.1465,0.1459,0.1470
clang-O3-v3,filter_copy,p000,2,0.2533,0.2524,0.2542
clang-O3-v3,filter_copy,p100,2,1.4267,1.4262,1.4272
clang-O3-v3,filter_copy,p250,2,2.9322,2.9231,2.9412
clang-O3-v3,filter_copy,p500,2,5.1836,5.1732,5.1940
clang-O3-v3,filter_copy,p750,2,3.0362,3.0083,3.0641
clang-O3-v3,filter_copy,p900,2,1.5470,1.5454,1.5486
clang-O3-v3,filter_copy,p1000,2,0.3975,0.3730,0.4220
clang-O3-v3,filter_copy,p500_sorted,2,0.3036,0.3002,0.3070
clang-O3-v3,filter_copy,p500_alternating,2,0.3059,0.3053,0.3065
clang-O3-v3,filter_copy_mask,p000,2,0.4137,0.4130,0.4143
clang-O3-v3,filter_copy_mask,p100,2,0.4218,0.4203,0.4233
clang-O3-v3,filter_copy_mask,p250,2,0.4304,0.4226,0.4381
clang-O3-v3,filter_copy_mask,p500,2,0.4235,0.4227,0.4242
clang-O3-v3,filter_copy_mask,p750,2,0.4234,0.4188,0.4280
clang-O3-v3,filter_copy_mask,p900,2,0.4304,0.4187,0.4420
clang-O3-v3,filter_copy_mask,p1000,2,0.4398,0.4219,0.4577
clang-O3-v3,filter_copy_mask,p500_sorted,2,0.4147,0.4105,0.4190
clang-O3-v3,filter_copy_mask,p500_alternating,2,0.4150,0.4136,0.4163
