variant,sample,order,operations,elapsed_ns,cpu_ns,value_ns,result
consecutive_reads,0,0,1,89,0,89,0
consecutive_reads,1,0,1,37,0,37,0
consecutive_reads,2,0,1,33,0,33,0
consecutive_reads,3,0,1,33,0,33,0
consecutive_reads,4,0,1,34,0,34,0
consecutive_reads,5,0,1,33,0,33,0
consecutive_reads,6,0,1,33,0,33,0
consecutive_reads,7,0,1,32,0,32,0
consecutive_reads,8,0,1,33,0,33,0
consecutive_reads,9,0,1,32,0,32,0
consecutive_reads,10,0,1,32,0,32,0
consecutive_reads,11,0,1,33,0,33,0
consecutive_reads,12,0,1,32,0,32,0
consecutive_reads,13,0,1,32,0,32,0
consecutive_reads,14,0,1,32,0,32,0
consecutive_reads,15,0,1,34,0,34,0
consecutive_reads,16,0,1,33,0,33,0
consecutive_reads,17,0,1,33,0,33,0
consecutive_reads,18,0,1,34,0,34,0
consecutive_reads,19,0,1,33,0,33,0
consecutive_reads,20,0,1,32,0,32,0
consecutive_reads,21,0,1,32,0,32,0
consecutive_reads,22,0,1,34,0,34,0
consecutive_reads,23,0,1,31,0,31,0
consecutive_reads,24,0,1,32,0,32,0
consecutive_reads,25,0,1,33,0,33,0
consecutive_reads,26,0,1,33,0,33,0
consecutive_reads,27,0,1,33,0,33,0
consecutive_reads,28,0,1,32,0,32,0
consecutive_reads,29,0,1,33,0,33,0
consecutive_reads,30,0,1,32,0,32,0
consecutive_reads,31,0,1,32,0,32,0
consecutive_reads,32,0,1,32,0,32,0
consecutive_reads,33,0,1,32,0,32,0
consecutive_reads,34,0,1,32,0,32,0
consecutive_reads,35,0,1,32,0,32,0
consecutive_reads,36,0,1,32,0,32,0
consecutive_reads,37,0,1,32,0,32,0
consecutive_reads,38,0,1,32,0,32,0
consecutive_reads,39,0,1,32,0,32,0
consecutive_reads,40,0,1,33,0,33,0
consecutive_reads,41,0,1,32,0,32,0
consecutive_reads,42,0,1,33,0,33,0
consecutive_reads,43,0,1,33,0,33,0
consecutive_reads,44,0,1,32,0,32,0
consecutive_reads,45,0,1,33,0,33,0
consecutive_reads,46,0,1,31,0,31,0
consecutive_reads,47,0,1,33,0,33,0
consecutive_reads,48,0,1,33,0,33,0
consecutive_reads,49,0,1,31,0,31,0
consecutive_reads,50,0,1,32,0,32,0
consecutive_reads,51,0,1,32,0,32,0
consecutive_reads,52,0,1,33,0,33,0
consecutive_reads,53,0,1,32,0,32,0
consecutive_reads,54,0,1,32,0,32,0
consecutive_reads,55,0,1,32,0,32,0
consecutive_reads,56,0,1,33,0,33,0
consecutive_reads,57,0,1,31,0,31,0
consecutive_reads,58,0,1,33,0,33,0
consecutive_reads,59,0,1,32,0,32,0
consecutive_reads,60,0,1,34,0,34,0
consecutive_reads,61,0,1,32,0,32,0
consecutive_reads,62,0,1,33,0,33,0
consecutive_reads,63,0,1,34,0,34,0
consecutive_reads,64,0,1,32,0,32,0
consecutive_reads,65,0,1,32,0,32,0
consecutive_reads,66,0,1,34,0,34,0
consecutive_reads,67,0,1,33,0,33,0
consecutive_reads,68,0,1,32,0,32,0
consecutive_reads,69,0,1,33,0,33,0
consecutive_reads,70,0,1,34,0,34,0
consecutive_reads,71,0,1,33,0,33,0
consecutive_reads,72,0,1,33,0,33,0
consecutive_reads,73,0,1,33,0,33,0
consecutive_reads,74,0,1,32,0,32,0
consecutive_reads,75,0,1,33,0,33,0
consecutive_reads,76,0,1,32,0,32,0
consecutive_reads,77,0,1,32,0,32,0
consecutive_reads,78,0,1,34,0,34,0
consecutive_reads,79,0,1,34,0,34,0
consecutive_reads,80,0,1,33,0,33,0
consecutive_reads,81,0,1,33,0,33,0
consecutive_reads,82,0,1,33,0,33,0
consecutive_reads,83,0,1,32,0,32,0
consecutive_reads,84,0,1,32,0,32,0
consecutive_reads,85,0,1,33,0,33,0
consecutive_reads,86,0,1,32,0,32,0
consecutive_reads,87,0,1,34,0,34,0
consecutive_reads,88,0,1,33,0,33,0
consecutive_reads,89,0,1,33,0,33,0
consecutive_reads,90,0,1,34,0,34,0
consecutive_reads,91,0,1,32,0,32,0
consecutive_reads,92,0,1,33,0,33,0
consecutive_reads,93,0,1,32,0,32,0
consecutive_reads,94,0,1,32,0,32,0
consecutive_reads,95,0,1,33,0,33,0
consecutive_reads,96,0,1,32,0,32,0
consecutive_reads,97,0,1,33,0,33,0
consecutive_reads,98,0,1,33,0,33,0
consecutive_reads,99,0,1,32,0,32,0
consecutive_reads,100,0,1,32,0,32,0
consecutive_reads,101,0,1,32,0,32,0
consecutive_reads,102,0,1,33,0,33,0
consecutive_reads,103,0,1,32,0,32,0
consecutive_reads,104,0,1,33,0,33,0
consecutive_reads,105,0,1,32,0,32,0
consecutive_reads,106,0,1,33,0,33,0
consecutive_reads,107,0,1,32,0,32,0
consecutive_reads,108,0,1,32,0,32,0
consecutive_reads,109,0,1,33,0,33,0
consecutive_reads,110,0,1,33,0,33,0
consecutive_reads,111,0,1,33,0,33,0
consecutive_reads,112,0,1,33,0,33,0
consecutive_reads,113,0,1,32,0,32,0
consecutive_reads,114,0,1,33,0,33,0
consecutive_reads,115,0,1,33,0,33,0
consecutive_reads,116,0,1,36,0,36,0
consecutive_reads,117,0,1,33,0,33,0
consecutive_reads,118,0,1,32,0,32,0
consecutive_reads,119,0,1,34,0,34,0
consecutive_reads,120,0,1,33,0,33,0
consecutive_reads,121,0,1,33,0,33,0
consecutive_reads,122,0,1,34,0,34,0
consecutive_reads,123,0,1,33,0,33,0
consecutive_reads,124,0,1,32,0,32,0
consecutive_reads,125,0,1,32,0,32,0
consecutive_reads,126,0,1,32,0,32,0
consecutive_reads,127,0,1,33,0,33,0
consecutive_reads,128,0,1,32,0,32,0
consecutive_reads,129,0,1,33,0,33,0
consecutive_reads,130,0,1,32,0,32,0
consecutive_reads,131,0,1,33,0,33,0
consecutive_reads,132,0,1,32,0,32,0
consecutive_reads,133,0,1,32,0,32,0
consecutive_reads,134,0,1,33,0,33,0
consecutive_reads,135,0,1,33,0,33,0
consecutive_reads,136,0,1,32,0,32,0
consecutive_reads,137,0,1,33,0,33,0
consecutive_reads,138,0,1,33,0,33,0
consecutive_reads,139,0,1,33,0,33,0
consecutive_reads,140,0,1,32,0,32,0
consecutive_reads,141,0,1,33,0,33,0
consecutive_reads,142,0,1,33,0,33,0
consecutive_reads,143,0,1,33,0,33,0
consecutive_reads,144,0,1,34,0,34,0
consecutive_reads,145,0,1,33,0,33,0
consecutive_reads,146,0,1,34,0,34,0
consecutive_reads,147,0,1,32,0,32,0
consecutive_reads,148,0,1,32,0,32,0
consecutive_reads,149,0,1,33,0,33,0
consecutive_reads,150,0,1,33,0,33,0
consecutive_reads,151,0,1,32,0,32,0
consecutive_reads,152,0,1,32,0,32,0
consecutive_reads,153,0,1,33,0,33,0
consecutive_reads,154,0,1,33,0,33,0
consecutive_reads,155,0,1,32,0,32,0
consecutive_reads,156,0,1,32,0,32,0
consecutive_reads,157,0,1,33,0,33,0
consecutive_reads,158,0,1,32,0,32,0
consecutive_reads,159,0,1,32,0,32,0
consecutive_reads,160,0,1,32,0,32,0
consecutive_reads,161,0,1,31,0,31,0
consecutive_reads,162,0,1,32,0,32,0
consecutive_reads,163,0,1,32,0,32,0
consecutive_reads,164,0,1,33,0,33,0
consecutive_reads,165,0,1,32,0,32,0
consecutive_reads,166,0,1,32,0,32,0
consecutive_reads,167,0,1,32,0,32,0
consecutive_reads,168,0,1,33,0,33,0
consecutive_reads,169,0,1,32,0,32,0
consecutive_reads,170,0,1,33,0,33,0
consecutive_reads,171,0,1,32,0,32,0
consecutive_reads,172,0,1,33,0,33,0
consecutive_reads,173,0,1,33,0,33,0
consecutive_reads,174,0,1,33,0,33,0
consecutive_reads,175,0,1,32,0,32,0
consecutive_reads,176,0,1,32,0,32,0
consecutive_reads,177,0,1,32,0,32,0
consecutive_reads,178,0,1,33,0,33,0
consecutive_reads,179,0,1,34,0,34,0
consecutive_reads,180,0,1,33,0,33,0
consecutive_reads,181,0,1,33,0,33,0
consecutive_reads,182,0,1,32,0,32,0
consecutive_reads,183,0,1,33,0,33,0
consecutive_reads,184,0,1,32,0,32,0
consecutive_reads,185,0,1,33,0,33,0
consecutive_reads,186,0,1,32,0,32,0
consecutive_reads,187,0,1,33,0,33,0
consecutive_reads,188,0,1,33,0,33,0
consecutive_reads,189,0,1,32,0,32,0
consecutive_reads,190,0,1,32,0,32,0
consecutive_reads,191,0,1,33,0,33,0
consecutive_reads,192,0,1,33,0,33,0
consecutive_reads,193,0,1,32,0,32,0
consecutive_reads,194,0,1,32,0,32,0
consecutive_reads,195,0,1,32,0,32,0
consecutive_reads,196,0,1,33,0,33,0
consecutive_reads,197,0,1,32,0,32,0
consecutive_reads,198,0,1,33,0,33,0
consecutive_reads,199,0,1,33,0,33,0
consecutive_reads,200,0,1,33,0,33,0
consecutive_reads,201,0,1,32,0,32,0
consecutive_reads,202,0,1,33,0,33,0
consecutive_reads,203,0,1,32,0,32,0
consecutive_reads,204,0,1,32,0,32,0
consecutive_reads,205,0,1,33,0,33,0
consecutive_reads,206,0,1,33,0,33,0
consecutive_reads,207,0,1,32,0,32,0
consecutive_reads,208,0,1,33,0,33,0
consecutive_reads,209,0,1,34,0,34,0
consecutive_reads,210,0,1,32,0,32,0
consecutive_reads,211,0,1,32,0,32,0
consecutive_reads,212,0,1,32,0,32,0
consecutive_reads,213,0,1,33,0,33,0
consecutive_reads,214,0,1,32,0,32,0
consecutive_reads,215,0,1,33,0,33,0
consecutive_reads,216,0,1,32,0,32,0
consecutive_reads,217,0,1,32,0,32,0
consecutive_reads,218,0,1,31,0,31,0
consecutive_reads,219,0,1,33,0,33,0
consecutive_reads,220,0,1,32,0,32,0
consecutive_reads,221,0,1,32,0,32,0
consecutive_reads,222,0,1,33,0,33,0
consecutive_reads,223,0,1,32,0,32,0
consecutive_reads,224,0,1,32,0,32,0
consecutive_reads,225,0,1,32,0,32,0
consecutive_reads,226,0,1,33,0,33,0
consecutive_reads,227,0,1,32,0,32,0
consecutive_reads,228,0,1,33,0,33,0
consecutive_reads,229,0,1,32,0,32,0
consecutive_reads,230,0,1,32,0,32,0
consecutive_reads,231,0,1,32,0,32,0
consecutive_reads,232,0,1,32,0,32,0
consecutive_reads,233,0,1,33,0,33,0
consecutive_reads,234,0,1,33,0,33,0
consecutive_reads,235,0,1,32,0,32,0
consecutive_reads,236,0,1,33,0,33,0
consecutive_reads,237,0,1,32,0,32,0
consecutive_reads,238,0,1,32,0,32,0
consecutive_reads,239,0,1,33,0,33,0
consecutive_reads,240,0,1,33,0,33,0
consecutive_reads,241,0,1,33,0,33,0
consecutive_reads,242,0,1,33,0,33,0
consecutive_reads,243,0,1,33,0,33,0
consecutive_reads,244,0,1,33,0,33,0
consecutive_reads,245,0,1,32,0,32,0
consecutive_reads,246,0,1,33,0,33,0
consecutive_reads,247,0,1,32,0,32,0
consecutive_reads,248,0,1,34,0,34,0
consecutive_reads,249,0,1,32,0,32,0
consecutive_reads,250,0,1,32,0,32,0
consecutive_reads,251,0,1,33,0,33,0
consecutive_reads,252,0,1,34,0,34,0
consecutive_reads,253,0,1,33,0,33,0
consecutive_reads,254,0,1,33,0,33,0
consecutive_reads,255,0,1,34,0,34,0
consecutive_reads,256,0,1,33,0,33,0
consecutive_reads,257,0,1,32,0,32,0
consecutive_reads,258,0,1,34,0,34,0
consecutive_reads,259,0,1,33,0,33,0
consecutive_reads,260,0,1,32,0,32,0
consecutive_reads,261,0,1,32,0,32,0
consecutive_reads,262,0,1,32,0,32,0
consecutive_reads,263,0,1,32,0,32,0
consecutive_reads,264,0,1,33,0,33,0
consecutive_reads,265,0,1,32,0,32,0
consecutive_reads,266,0,1,32,0,32,0
consecutive_reads,267,0,1,33,0,33,0
consecutive_reads,268,0,1,33,0,33,0
consecutive_reads,269,0,1,33,0,33,0
consecutive_reads,270,0,1,32,0,32,0
consecutive_reads,271,0,1,33,0,33,0
consecutive_reads,272,0,1,33,0,33,0
consecutive_reads,273,0,1,33,0,33,0
consecutive_reads,274,0,1,32,0,32,0
consecutive_reads,275,0,1,33,0,33,0
consecutive_reads,276,0,1,32,0,32,0
consecutive_reads,277,0,1,33,0,33,0
consecutive_reads,278,0,1,31,0,31,0
consecutive_reads,279,0,1,33,0,33,0
consecutive_reads,280,0,1,31,0,31,0
consecutive_reads,281,0,1,32,0,32,0
consecutive_reads,282,0,1,33,0,33,0
consecutive_reads,283,0,1,31,0,31,0
consecutive_reads,284,0,1,31,0,31,0
consecutive_reads,285,0,1,33,0,33,0
consecutive_reads,286,0,1,33,0,33,0
consecutive_reads,287,0,1,32,0,32,0
consecutive_reads,288,0,1,32,0,32,0
consecutive_reads,289,0,1,33,0,33,0
consecutive_reads,290,0,1,34,0,34,0
consecutive_reads,291,0,1,32,0,32,0
consecutive_reads,292,0,1,32,0,32,0
consecutive_reads,293,0,1,34,0,34,0
consecutive_reads,294,0,1,33,0,33,0
consecutive_reads,295,0,1,33,0,33,0
consecutive_reads,296,0,1,32,0,32,0
consecutive_reads,297,0,1,33,0,33,0
consecutive_reads,298,0,1,32,0,32,0
consecutive_reads,299,0,1,32,0,32,0
consecutive_reads,300,0,1,33,0,33,0
consecutive_reads,301,0,1,32,0,32,0
consecutive_reads,302,0,1,32,0,32,0
consecutive_reads,303,0,1,33,0,33,0
consecutive_reads,304,0,1,32,0,32,0
consecutive_reads,305,0,1,32,0,32,0
consecutive_reads,306,0,1,32,0,32,0
consecutive_reads,307,0,1,32,0,32,0
consecutive_reads,308,0,1,32,0,32,0
consecutive_reads,309,0,1,32,0,32,0
consecutive_reads,310,0,1,33,0,33,0
consecutive_reads,311,0,1,33,0,33,0
consecutive_reads,312,0,1,33,0,33,0
consecutive_reads,313,0,1,32,0,32,0
consecutive_reads,314,0,1,32,0,32,0
consecutive_reads,315,0,1,33,0,33,0
consecutive_reads,316,0,1,32,0,32,0
consecutive_reads,317,0,1,32,0,32,0
consecutive_reads,318,0,1,33,0,33,0
consecutive_reads,319,0,1,32,0,32,0
consecutive_reads,320,0,1,33,0,33,0
consecutive_reads,321,0,1,33,0,33,0
consecutive_reads,322,0,1,33,0,33,0
consecutive_reads,323,0,1,31,0,31,0
consecutive_reads,324,0,1,32,0,32,0
consecutive_reads,325,0,1,32,0,32,0
consecutive_reads,326,0,1,31,0,31,0
consecutive_reads,327,0,1,33,0,33,0
consecutive_reads,328,0,1,32,0,32,0
consecutive_reads,329,0,1,33,0,33,0
consecutive_reads,330,0,1,32,0,32,0
consecutive_reads,331,0,1,32,0,32,0
consecutive_reads,332,0,1,32,0,32,0
consecutive_reads,333,0,1,33,0,33,0
consecutive_reads,334,0,1,32,0,32,0
consecutive_reads,335,0,1,32,0,32,0
consecutive_reads,336,0,1,33,0,33,0
consecutive_reads,337,0,1,32,0,32,0
consecutive_reads,338,0,1,32,0,32,0
consecutive_reads,339,0,1,32,0,32,0
consecutive_reads,340,0,1,32,0,32,0
consecutive_reads,341,0,1,32,0,32,0
consecutive_reads,342,0,1,32,0,32,0
consecutive_reads,343,0,1,32,0,32,0
consecutive_reads,344,0,1,32,0,32,0
consecutive_reads,345,0,1,33,0,33,0
consecutive_reads,346,0,1,33,0,33,0
consecutive_reads,347,0,1,33,0,33,0
consecutive_reads,348,0,1,32,0,32,0
consecutive_reads,349,0,1,32,0,32,0
consecutive_reads,350,0,1,32,0,32,0
consecutive_reads,351,0,1,33,0,33,0
consecutive_reads,352,0,1,33,0,33,0
consecutive_reads,353,0,1,34,0,34,0
consecutive_reads,354,0,1,33,0,33,0
consecutive_reads,355,0,1,32,0,32,0
consecutive_reads,356,0,1,32,0,32,0
consecutive_reads,357,0,1,32,0,32,0
consecutive_reads,358,0,1,32,0,32,0
consecutive_reads,359,0,1,32,0,32,0
consecutive_reads,360,0,1,32,0,32,0
consecutive_reads,361,0,1,32,0,32,0
consecutive_reads,362,0,1,32,0,32,0
consecutive_reads,363,0,1,32,0,32,0
consecutive_reads,364,0,1,32,0,32,0
consecutive_reads,365,0,1,32,0,32,0
consecutive_reads,366,0,1,32,0,32,0
consecutive_reads,367,0,1,33,0,33,0
consecutive_reads,368,0,1,34,0,34,0
consecutive_reads,369,0,1,33,0,33,0
consecutive_reads,370,0,1,33,0,33,0
consecutive_reads,371,0,1,33,0,33,0
consecutive_reads,372,0,1,32,0,32,0
consecutive_reads,373,0,1,34,0,34,0
consecutive_reads,374,0,1,33,0,33,0
consecutive_reads,375,0,1,33,0,33,0
consecutive_reads,376,0,1,34,0,34,0
consecutive_reads,377,0,1,33,0,33,0
consecutive_reads,378,0,1,32,0,32,0
consecutive_reads,379,0,1,33,0,33,0
consecutive_reads,380,0,1,33,0,33,0
consecutive_reads,381,0,1,32,0,32,0
consecutive_reads,382,0,1,34,0,34,0
consecutive_reads,383,0,1,33,0,33,0
consecutive_reads,384,0,1,33,0,33,0
consecutive_reads,385,0,1,34,0,34,0
consecutive_reads,386,0,1,33,0,33,0
consecutive_reads,387,0,1,32,0,32,0
consecutive_reads,388,0,1,33,0,33,0
consecutive_reads,389,0,1,32,0,32,0
consecutive_reads,390,0,1,32,0,32,0
consecutive_reads,391,0,1,34,0,34,0
consecutive_reads,392,0,1,32,0,32,0
consecutive_reads,393,0,1,33,0,33,0
consecutive_reads,394,0,1,32,0,32,0
consecutive_reads,395,0,1,32,0,32,0
consecutive_reads,396,0,1,33,0,33,0
consecutive_reads,397,0,1,32,0,32,0
consecutive_reads,398,0,1,32,0,32,0
consecutive_reads,399,0,1,32,0,32,0
consecutive_reads,400,0,1,33,0,33,0
consecutive_reads,401,0,1,32,0,32,0
consecutive_reads,402,0,1,33,0,33,0
consecutive_reads,403,0,1,33,0,33,0
consecutive_reads,404,0,1,32,0,32,0
consecutive_reads,405,0,1,33,0,33,0
consecutive_reads,406,0,1,32,0,32,0
consecutive_reads,407,0,1,33,0,33,0
consecutive_reads,408,0,1,31,0,31,0
consecutive_reads,409,0,1,34,0,34,0
consecutive_reads,410,0,1,33,0,33,0
consecutive_reads,411,0,1,33,0,33,0
consecutive_reads,412,0,1,33,0,33,0
consecutive_reads,413,0,1,34,0,34,0
consecutive_reads,414,0,1,33,0,33,0
consecutive_reads,415,0,1,32,0,32,0
consecutive_reads,416,0,1,33,0,33,0
consecutive_reads,417,0,1,33,0,33,0
consecutive_reads,418,0,1,32,0,32,0
consecutive_reads,419,0,1,32,0,32,0
consecutive_reads,420,0,1,32,0,32,0
consecutive_reads,421,0,1,32,0,32,0
consecutive_reads,422,0,1,33,0,33,0
consecutive_reads,423,0,1,33,0,33,0
consecutive_reads,424,0,1,34,0,34,0
consecutive_reads,425,0,1,32,0,32,0
consecutive_reads,426,0,1,33,0,33,0
consecutive_reads,427,0,1,32,0,32,0
consecutive_reads,428,0,1,33,0,33,0
consecutive_reads,429,0,1,32,0,32,0
consecutive_reads,430,0,1,32,0,32,0
consecutive_reads,431,0,1,32,0,32,0
consecutive_reads,432,0,1,33,0,33,0
consecutive_reads,433,0,1,33,0,33,0
consecutive_reads,434,0,1,32,0,32,0
consecutive_reads,435,0,1,32,0,32,0
consecutive_reads,436,0,1,34,0,34,0
consecutive_reads,437,0,1,33,0,33,0
consecutive_reads,438,0,1,32,0,32,0
consecutive_reads,439,0,1,32,0,32,0
consecutive_reads,440,0,1,33,0,33,0
consecutive_reads,441,0,1,33,0,33,0
consecutive_reads,442,0,1,32,0,32,0
consecutive_reads,443,0,1,32,0,32,0
consecutive_reads,444,0,1,32,0,32,0
consecutive_reads,445,0,1,32,0,32,0
consecutive_reads,446,0,1,32,0,32,0
consecutive_reads,447,0,1,33,0,33,0
consecutive_reads,448,0,1,34,0,34,0
consecutive_reads,449,0,1,32,0,32,0
consecutive_reads,450,0,1,32,0,32,0
consecutive_reads,451,0,1,33,0,33,0
consecutive_reads,452,0,1,33,0,33,0
consecutive_reads,453,0,1,33,0,33,0
consecutive_reads,454,0,1,33,0,33,0
consecutive_reads,455,0,1,32,0,32,0
consecutive_reads,456,0,1,32,0,32,0
consecutive_reads,457,0,1,32,0,32,0
consecutive_reads,458,0,1,33,0,33,0
consecutive_reads,459,0,1,32,0,32,0
consecutive_reads,460,0,1,32,0,32,0
consecutive_reads,461,0,1,33,0,33,0
consecutive_reads,462,0,1,33,0,33,0
consecutive_reads,463,0,1,32,0,32,0
consecutive_reads,464,0,1,33,0,33,0
consecutive_reads,465,0,1,32,0,32,0
consecutive_reads,466,0,1,32,0,32,0
consecutive_reads,467,0,1,31,0,31,0
consecutive_reads,468,0,1,31,0,31,0
consecutive_reads,469,0,1,33,0,33,0
consecutive_reads,470,0,1,32,0,32,0
consecutive_reads,471,0,1,32,0,32,0
consecutive_reads,472,0,1,33,0,33,0
consecutive_reads,473,0,1,33,0,33,0
consecutive_reads,474,0,1,32,0,32,0
consecutive_reads,475,0,1,32,0,32,0
consecutive_reads,476,0,1,33,0,33,0
consecutive_reads,477,0,1,33,0,33,0
consecutive_reads,478,0,1,33,0,33,0
consecutive_reads,479,0,1,33,0,33,0
consecutive_reads,480,0,1,31,0,31,0
consecutive_reads,481,0,1,32,0,32,0
consecutive_reads,482,0,1,33,0,33,0
consecutive_reads,483,0,1,33,0,33,0
consecutive_reads,484,0,1,32,0,32,0
consecutive_reads,485,0,1,32,0,32,0
consecutive_reads,486,0,1,34,0,34,0
consecutive_reads,487,0,1,33,0,33,0
consecutive_reads,488,0,1,33,0,33,0
consecutive_reads,489,0,1,32,0,32,0
consecutive_reads,490,0,1,33,0,33,0
consecutive_reads,491,0,1,33,0,33,0
consecutive_reads,492,0,1,34,0,34,0
consecutive_reads,493,0,1,33,0,33,0
consecutive_reads,494,0,1,33,0,33,0
consecutive_reads,495,0,1,33,0,33,0
consecutive_reads,496,0,1,32,0,32,0
consecutive_reads,497,0,1,33,0,33,0
consecutive_reads,498,0,1,32,0,32,0
consecutive_reads,499,0,1,32,0,32,0
consecutive_reads,500,0,1,33,0,33,0
consecutive_reads,501,0,1,33,0,33,0
consecutive_reads,502,0,1,33,0,33,0
consecutive_reads,503,0,1,33,0,33,0
consecutive_reads,504,0,1,33,0,33,0
consecutive_reads,505,0,1,32,0,32,0
consecutive_reads,506,0,1,31,0,31,0
consecutive_reads,507,0,1,33,0,33,0
consecutive_reads,508,0,1,34,0,34,0
consecutive_reads,509,0,1,34,0,34,0
consecutive_reads,510,0,1,33,0,33,0
consecutive_reads,511,0,1,32,0,32,0
consecutive_reads,512,0,1,32,0,32,0
consecutive_reads,513,0,1,33,0,33,0
consecutive_reads,514,0,1,33,0,33,0
consecutive_reads,515,0,1,33,0,33,0
consecutive_reads,516,0,1,34,0,34,0
consecutive_reads,517,0,1,33,0,33,0
consecutive_reads,518,0,1,32,0,32,0
consecutive_reads,519,0,1,33,0,33,0
consecutive_reads,520,0,1,32,0,32,0
consecutive_reads,521,0,1,33,0,33,0
consecutive_reads,522,0,1,33,0,33,0
consecutive_reads,523,0,1,32,0,32,0
consecutive_reads,524,0,1,32,0,32,0
consecutive_reads,525,0,1,33,0,33,0
consecutive_reads,526,0,1,33,0,33,0
consecutive_reads,527,0,1,31,0,31,0
consecutive_reads,528,0,1,33,0,33,0
consecutive_reads,529,0,1,32,0,32,0
consecutive_reads,530,0,1,34,0,34,0
consecutive_reads,531,0,1,33,0,33,0
consecutive_reads,532,0,1,33,0,33,0
consecutive_reads,533,0,1,35,0,35,0
consecutive_reads,534,0,1,37,0,37,0
consecutive_reads,535,0,1,39,0,39,0
consecutive_reads,536,0,1,40,0,40,0
consecutive_reads,537,0,1,41,0,41,0
consecutive_reads,538,0,1,41,0,41,0
consecutive_reads,539,0,1,41,0,41,0
consecutive_reads,540,0,1,41,0,41,0
consecutive_reads,541,0,1,41,0,41,0
consecutive_reads,542,0,1,41,0,41,0
consecutive_reads,543,0,1,41,0,41,0
consecutive_reads,544,0,1,42,0,42,0
consecutive_reads,545,0,1,41,0,41,0
consecutive_reads,546,0,1,41,0,41,0
consecutive_reads,547,0,1,41,0,41,0
consecutive_reads,548,0,1,40,0,40,0
consecutive_reads,549,0,1,41,0,41,0
consecutive_reads,550,0,1,40,0,40,0
consecutive_reads,551,0,1,41,0,41,0
consecutive_reads,552,0,1,41,0,41,0
consecutive_reads,553,0,1,41,0,41,0
consecutive_reads,554,0,1,42,0,42,0
consecutive_reads,555,0,1,42,0,42,0
consecutive_reads,556,0,1,39,0,39,0
consecutive_reads,557,0,1,40,0,40,0
consecutive_reads,558,0,1,41,0,41,0
consecutive_reads,559,0,1,41,0,41,0
consecutive_reads,560,0,1,40,0,40,0
consecutive_reads,561,0,1,41,0,41,0
consecutive_reads,562,0,1,39,0,39,0
consecutive_reads,563,0,1,41,0,41,0
consecutive_reads,564,0,1,41,0,41,0
consecutive_reads,565,0,1,41,0,41,0
consecutive_reads,566,0,1,39,0,39,0
consecutive_reads,567,0,1,39,0,39,0
consecutive_reads,568,0,1,42,0,42,0
consecutive_reads,569,0,1,41,0,41,0
consecutive_reads,570,0,1,41,0,41,0
consecutive_reads,571,0,1,39,0,39,0
consecutive_reads,572,0,1,42,0,42,0
consecutive_reads,573,0,1,41,0,41,0
consecutive_reads,574,0,1,39,0,39,0
consecutive_reads,575,0,1,40,0,40,0
consecutive_reads,576,0,1,41,0,41,0
consecutive_reads,577,0,1,41,0,41,0
consecutive_reads,578,0,1,41,0,41,0
consecutive_reads,579,0,1,41,0,41,0
consecutive_reads,580,0,1,41,0,41,0
consecutive_reads,581,0,1,41,0,41,0
consecutive_reads,582,0,1,41,0,41,0
consecutive_reads,583,0,1,40,0,40,0
consecutive_reads,584,0,1,41,0,41,0
consecutive_reads,585,0,1,41,0,41,0
consecutive_reads,586,0,1,41,0,41,0
consecutive_reads,587,0,1,41,0,41,0
consecutive_reads,588,0,1,41,0,41,0
consecutive_reads,589,0,1,41,0,41,0
consecutive_reads,590,0,1,40,0,40,0
consecutive_reads,591,0,1,41,0,41,0
consecutive_reads,592,0,1,41,0,41,0
consecutive_reads,593,0,1,42,0,42,0
consecutive_reads,594,0,1,41,0,41,0
consecutive_reads,595,0,1,41,0,41,0
consecutive_reads,596,0,1,42,0,42,0
consecutive_reads,597,0,1,41,0,41,0
consecutive_reads,598,0,1,42,0,42,0
consecutive_reads,599,0,1,39,0,39,0
consecutive_reads,600,0,1,42,0,42,0
consecutive_reads,601,0,1,42,0,42,0
consecutive_reads,602,0,1,41,0,41,0
consecutive_reads,603,0,1,40,0,40,0
consecutive_reads,604,0,1,42,0,42,0
consecutive_reads,605,0,1,40,0,40,0
consecutive_reads,606,0,1,40,0,40,0
consecutive_reads,607,0,1,42,0,42,0
consecutive_reads,608,0,1,41,0,41,0
consecutive_reads,609,0,1,39,0,39,0
consecutive_reads,610,0,1,40,0,40,0
consecutive_reads,611,0,1,42,0,42,0
consecutive_reads,612,0,1,42,0,42,0
consecutive_reads,613,0,1,41,0,41,0
consecutive_reads,614,0,1,42,0,42,0
consecutive_reads,615,0,1,41,0,41,0
consecutive_reads,616,0,1,41,0,41,0
consecutive_reads,617,0,1,42,0,42,0
consecutive_reads,618,0,1,41,0,41,0
consecutive_reads,619,0,1,41,0,41,0
consecutive_reads,620,0,1,41,0,41,0
consecutive_reads,621,0,1,41,0,41,0
consecutive_reads,622,0,1,41,0,41,0
consecutive_reads,623,0,1,41,0,41,0
consecutive_reads,624,0,1,41,0,41,0
consecutive_reads,625,0,1,40,0,40,0
consecutive_reads,626,0,1,41,0,41,0
consecutive_reads,627,0,1,41,0,41,0
consecutive_reads,628,0,1,41,0,41,0
consecutive_reads,629,0,1,41,0,41,0
consecutive_reads,630,0,1,41,0,41,0
consecutive_reads,631,0,1,41,0,41,0
consecutive_reads,632,0,1,41,0,41,0
consecutive_reads,633,0,1,41,0,41,0
consecutive_reads,634,0,1,41,0,41,0
consecutive_reads,635,0,1,41,0,41,0
consecutive_reads,636,0,1,40,0,40,0
consecutive_reads,637,0,1,40,0,40,0
consecutive_reads,638,0,1,41,0,41,0
consecutive_reads,639,0,1,41,0,41,0
consecutive_reads,640,0,1,41,0,41,0
consecutive_reads,641,0,1,41,0,41,0
consecutive_reads,642,0,1,42,0,42,0
consecutive_reads,643,0,1,41,0,41,0
consecutive_reads,644,0,1,41,0,41,0
consecutive_reads,645,0,1,41,0,41,0
consecutive_reads,646,0,1,40,0,40,0
consecutive_reads,647,0,1,41,0,41,0
consecutive_reads,648,0,1,41,0,41,0
consecutive_reads,649,0,1,41,0,41,0
consecutive_reads,650,0,1,41,0,41,0
consecutive_reads,651,0,1,41,0,41,0
consecutive_reads,652,0,1,41,0,41,0
consecutive_reads,653,0,1,41,0,41,0
consecutive_reads,654,0,1,41,0,41,0
consecutive_reads,655,0,1,39,0,39,0
consecutive_reads,656,0,1,41,0,41,0
consecutive_reads,657,0,1,40,0,40,0
consecutive_reads,658,0,1,41,0,41,0
consecutive_reads,659,0,1,39,0,39,0
consecutive_reads,660,0,1,39,0,39,0
consecutive_reads,661,0,1,40,0,40,0
consecutive_reads,662,0,1,40,0,40,0
consecutive_reads,663,0,1,40,0,40,0
consecutive_reads,664,0,1,40,0,40,0
consecutive_reads,665,0,1,41,0,41,0
consecutive_reads,666,0,1,41,0,41,0
consecutive_reads,667,0,1,40,0,40,0
consecutive_reads,668,0,1,41,0,41,0
consecutive_reads,669,0,1,41,0,41,0
consecutive_reads,670,0,1,41,0,41,0
consecutive_reads,671,0,1,39,0,39,0
consecutive_reads,672,0,1,40,0,40,0
consecutive_reads,673,0,1,39,0,39,0
consecutive_reads,674,0,1,40,0,40,0
consecutive_reads,675,0,1,41,0,41,0
consecutive_reads,676,0,1,41,0,41,0
consecutive_reads,677,0,1,39,0,39,0
consecutive_reads,678,0,1,41,0,41,0
consecutive_reads,679,0,1,39,0,39,0
consecutive_reads,680,0,1,41,0,41,0
consecutive_reads,681,0,1,39,0,39,0
consecutive_reads,682,0,1,41,0,41,0
consecutive_reads,683,0,1,41,0,41,0
consecutive_reads,684,0,1,41,0,41,0
consecutive_reads,685,0,1,41,0,41,0
consecutive_reads,686,0,1,41,0,41,0
consecutive_reads,687,0,1,41,0,41,0
consecutive_reads,688,0,1,41,0,41,0
consecutive_reads,689,0,1,40,0,40,0
consecutive_reads,690,0,1,39,0,39,0
consecutive_reads,691,0,1,41,0,41,0
consecutive_reads,692,0,1,41,0,41,0
consecutive_reads,693,0,1,40,0,40,0
consecutive_reads,694,0,1,41,0,41,0
consecutive_reads,695,0,1,41,0,41,0
consecutive_reads,696,0,1,40,0,40,0
consecutive_reads,697,0,1,42,0,42,0
consecutive_reads,698,0,1,42,0,42,0
consecutive_reads,699,0,1,39,0,39,0
consecutive_reads,700,0,1,41,0,41,0
consecutive_reads,701,0,1,39,0,39,0
consecutive_reads,702,0,1,41,0,41,0
consecutive_reads,703,0,1,41,0,41,0
consecutive_reads,704,0,1,41,0,41,0
consecutive_reads,705,0,1,39,0,39,0
consecutive_reads,706,0,1,42,0,42,0
consecutive_reads,707,0,1,40,0,40,0
consecutive_reads,708,0,1,41,0,41,0
consecutive_reads,709,0,1,41,0,41,0
consecutive_reads,710,0,1,42,0,42,0
consecutive_reads,711,0,1,40,0,40,0
consecutive_reads,712,0,1,41,0,41,0
consecutive_reads,713,0,1,41,0,41,0
consecutive_reads,714,0,1,42,0,42,0
consecutive_reads,715,0,1,40,0,40,0
consecutive_reads,716,0,1,41,0,41,0
consecutive_reads,717,0,1,41,0,41,0
consecutive_reads,718,0,1,41,0,41,0
consecutive_reads,719,0,1,40,0,40,0
consecutive_reads,720,0,1,41,0,41,0
consecutive_reads,721,0,1,41,0,41,0
consecutive_reads,722,0,1,41,0,41,0
consecutive_reads,723,0,1,40,0,40,0
consecutive_reads,724,0,1,41,0,41,0
consecutive_reads,725,0,1,41,0,41,0
consecutive_reads,726,0,1,42,0,42,0
consecutive_reads,727,0,1,41,0,41,0
consecutive_reads,728,0,1,41,0,41,0
consecutive_reads,729,0,1,41,0,41,0
consecutive_reads,730,0,1,41,0,41,0
consecutive_reads,731,0,1,41,0,41,0
consecutive_reads,732,0,1,41,0,41,0
consecutive_reads,733,0,1,40,0,40,0
consecutive_reads,734,0,1,41,0,41,0
consecutive_reads,735,0,1,40,0,40,0
consecutive_reads,736,0,1,39,0,39,0
consecutive_reads,737,0,1,41,0,41,0
consecutive_reads,738,0,1,41,0,41,0
consecutive_reads,739,0,1,41,0,41,0
consecutive_reads,740,0,1,41,0,41,0
consecutive_reads,741,0,1,41,0,41,0
consecutive_reads,742,0,1,41,0,41,0
consecutive_reads,743,0,1,41,0,41,0
consecutive_reads,744,0,1,41,0,41,0
consecutive_reads,745,0,1,41,0,41,0
consecutive_reads,746,0,1,40,0,40,0
consecutive_reads,747,0,1,42,0,42,0
consecutive_reads,748,0,1,41,0,41,0
consecutive_reads,749,0,1,41,0,41,0
consecutive_reads,750,0,1,41,0,41,0
consecutive_reads,751,0,1,42,0,42,0
consecutive_reads,752,0,1,42,0,42,0
consecutive_reads,753,0,1,41,0,41,0
consecutive_reads,754,0,1,41,0,41,0
consecutive_reads,755,0,1,41,0,41,0
consecutive_reads,756,0,1,41,0,41,0
consecutive_reads,757,0,1,41,0,41,0
consecutive_reads,758,0,1,40,0,40,0
consecutive_reads,759,0,1,41,0,41,0
consecutive_reads,760,0,1,41,0,41,0
consecutive_reads,761,0,1,41,0,41,0
consecutive_reads,762,0,1,40,0,40,0
consecutive_reads,763,0,1,41,0,41,0
consecutive_reads,764,0,1,40,0,40,0
consecutive_reads,765,0,1,41,0,41,0
consecutive_reads,766,0,1,41,0,41,0
consecutive_reads,767,0,1,41,0,41,0
consecutive_reads,768,0,1,40,0,40,0
consecutive_reads,769,0,1,42,0,42,0
consecutive_reads,770,0,1,41,0,41,0
consecutive_reads,771,0,1,41,0,41,0
consecutive_reads,772,0,1,41,0,41,0
consecutive_reads,773,0,1,41,0,41,0
consecutive_reads,774,0,1,41,0,41,0
consecutive_reads,775,0,1,39,0,39,0
consecutive_reads,776,0,1,41,0,41,0
consecutive_reads,777,0,1,41,0,41,0
consecutive_reads,778,0,1,39,0,39,0
consecutive_reads,779,0,1,40,0,40,0
consecutive_reads,780,0,1,40,0,40,0
consecutive_reads,781,0,1,41,0,41,0
consecutive_reads,782,0,1,39,0,39,0
consecutive_reads,783,0,1,40,0,40,0
consecutive_reads,784,0,1,39,0,39,0
consecutive_reads,785,0,1,41,0,41,0
consecutive_reads,786,0,1,41,0,41,0
consecutive_reads,787,0,1,41,0,41,0
consecutive_reads,788,0,1,41,0,41,0
consecutive_reads,789,0,1,41,0,41,0
consecutive_reads,790,0,1,41,0,41,0
consecutive_reads,791,0,1,41,0,41,0
consecutive_reads,792,0,1,41,0,41,0
consecutive_reads,793,0,1,41,0,41,0
consecutive_reads,794,0,1,41,0,41,0
consecutive_reads,795,0,1,41,0,41,0
consecutive_reads,796,0,1,39,0,39,0
consecutive_reads,797,0,1,41,0,41,0
consecutive_reads,798,0,1,40,0,40,0
consecutive_reads,799,0,1,41,0,41,0
consecutive_reads,800,0,1,41,0,41,0
consecutive_reads,801,0,1,41,0,41,0
consecutive_reads,802,0,1,40,0,40,0
consecutive_reads,803,0,1,40,0,40,0
consecutive_reads,804,0,1,39,0,39,0
consecutive_reads,805,0,1,41,0,41,0
consecutive_reads,806,0,1,41,0,41,0
consecutive_reads,807,0,1,41,0,41,0
consecutive_reads,808,0,1,41,0,41,0
consecutive_reads,809,0,1,41,0,41,0
consecutive_reads,810,0,1,41,0,41,0
consecutive_reads,811,0,1,41,0,41,0
consecutive_reads,812,0,1,41,0,41,0
consecutive_reads,813,0,1,41,0,41,0
consecutive_reads,814,0,1,40,0,40,0
consecutive_reads,815,0,1,41,0,41,0
consecutive_reads,816,0,1,41,0,41,0
consecutive_reads,817,0,1,41,0,41,0
consecutive_reads,818,0,1,40,0,40,0
consecutive_reads,819,0,1,41,0,41,0
consecutive_reads,820,0,1,41,0,41,0
consecutive_reads,821,0,1,41,0,41,0
consecutive_reads,822,0,1,41,0,41,0
consecutive_reads,823,0,1,41,0,41,0
consecutive_reads,824,0,1,41,0,41,0
consecutive_reads,825,0,1,41,0,41,0
consecutive_reads,826,0,1,41,0,41,0
consecutive_reads,827,0,1,40,0,40,0
consecutive_reads,828,0,1,41,0,41,0
consecutive_reads,829,0,1,41,0,41,0
consecutive_reads,830,0,1,40,0,40,0
consecutive_reads,831,0,1,40,0,40,0
consecutive_reads,832,0,1,40,0,40,0
consecutive_reads,833,0,1,41,0,41,0
consecutive_reads,834,0,1,41,0,41,0
consecutive_reads,835,0,1,41,0,41,0
consecutive_reads,836,0,1,41,0,41,0
consecutive_reads,837,0,1,39,0,39,0
consecutive_reads,838,0,1,41,0,41,0
consecutive_reads,839,0,1,41,0,41,0
consecutive_reads,840,0,1,41,0,41,0
consecutive_reads,841,0,1,41,0,41,0
consecutive_reads,842,0,1,42,0,42,0
consecutive_reads,843,0,1,41,0,41,0
consecutive_reads,844,0,1,41,0,41,0
consecutive_reads,845,0,1,41,0,41,0
consecutive_reads,846,0,1,41,0,41,0
consecutive_reads,847,0,1,41,0,41,0
consecutive_reads,848,0,1,41,0,41,0
consecutive_reads,849,0,1,41,0,41,0
consecutive_reads,850,0,1,41,0,41,0
consecutive_reads,851,0,1,40,0,40,0
consecutive_reads,852,0,1,40,0,40,0
consecutive_reads,853,0,1,40,0,40,0
consecutive_reads,854,0,1,41,0,41,0
consecutive_reads,855,0,1,41,0,41,0
consecutive_reads,856,0,1,39,0,39,0
consecutive_reads,857,0,1,39,0,39,0
consecutive_reads,858,0,1,41,0,41,0
consecutive_reads,859,0,1,41,0,41,0
consecutive_reads,860,0,1,41,0,41,0
consecutive_reads,861,0,1,41,0,41,0
consecutive_reads,862,0,1,41,0,41,0
consecutive_reads,863,0,1,40,0,40,0
consecutive_reads,864,0,1,41,0,41,0
consecutive_reads,865,0,1,39,0,39,0
consecutive_reads,866,0,1,39,0,39,0
consecutive_reads,867,0,1,41,0,41,0
consecutive_reads,868,0,1,39,0,39,0
consecutive_reads,869,0,1,41,0,41,0
consecutive_reads,870,0,1,41,0,41,0
consecutive_reads,871,0,1,41,0,41,0
consecutive_reads,872,0,1,40,0,40,0
consecutive_reads,873,0,1,40,0,40,0
consecutive_reads,874,0,1,41,0,41,0
consecutive_reads,875,0,1,39,0,39,0
consecutive_reads,876,0,1,41,0,41,0
consecutive_reads,877,0,1,41,0,41,0
consecutive_reads,878,0,1,39,0,39,0
consecutive_reads,879,0,1,41,0,41,0
consecutive_reads,880,0,1,41,0,41,0
consecutive_reads,881,0,1,41,0,41,0
consecutive_reads,882,0,1,41,0,41,0
consecutive_reads,883,0,1,40,0,40,0
consecutive_reads,884,0,1,41,0,41,0
consecutive_reads,885,0,1,41,0,41,0
consecutive_reads,886,0,1,42,0,42,0
consecutive_reads,887,0,1,39,0,39,0
consecutive_reads,888,0,1,40,0,40,0
consecutive_reads,889,0,1,39,0,39,0
consecutive_reads,890,0,1,41,0,41,0
consecutive_reads,891,0,1,41,0,41,0
consecutive_reads,892,0,1,41,0,41,0
consecutive_reads,893,0,1,41,0,41,0
consecutive_reads,894,0,1,41,0,41,0
consecutive_reads,895,0,1,40,0,40,0
consecutive_reads,896,0,1,41,0,41,0
consecutive_reads,897,0,1,41,0,41,0
consecutive_reads,898,0,1,41,0,41,0
consecutive_reads,899,0,1,41,0,41,0
consecutive_reads,900,0,1,39,0,39,0
consecutive_reads,901,0,1,41,0,41,0
consecutive_reads,902,0,1,41,0,41,0
consecutive_reads,903,0,1,42,0,42,0
consecutive_reads,904,0,1,41,0,41,0
consecutive_reads,905,0,1,41,0,41,0
consecutive_reads,906,0,1,40,0,40,0
consecutive_reads,907,0,1,41,0,41,0
consecutive_reads,908,0,1,41,0,41,0
consecutive_reads,909,0,1,41,0,41,0
consecutive_reads,910,0,1,39,0,39,0
consecutive_reads,911,0,1,41,0,41,0
consecutive_reads,912,0,1,41,0,41,0
consecutive_reads,913,0,1,42,0,42,0
consecutive_reads,914,0,1,40,0,40,0
consecutive_reads,915,0,1,41,0,41,0
consecutive_reads,916,0,1,41,0,41,0
consecutive_reads,917,0,1,41,0,41,0
consecutive_reads,918,0,1,41,0,41,0
consecutive_reads,919,0,1,41,0,41,0
consecutive_reads,920,0,1,40,0,40,0
consecutive_reads,921,0,1,41,0,41,0
consecutive_reads,922,0,1,40,0,40,0
consecutive_reads,923,0,1,42,0,42,0
consecutive_reads,924,0,1,41,0,41,0
consecutive_reads,925,0,1,41,0,41,0
consecutive_reads,926,0,1,41,0,41,0
consecutive_reads,927,0,1,41,0,41,0
consecutive_reads,928,0,1,41,0,41,0
consecutive_reads,929,0,1,40,0,40,0
consecutive_reads,930,0,1,41,0,41,0
consecutive_reads,931,0,1,40,0,40,0
consecutive_reads,932,0,1,40,0,40,0
consecutive_reads,933,0,1,42,0,42,0
consecutive_reads,934,0,1,40,0,40,0
consecutive_reads,935,0,1,41,0,41,0
consecutive_reads,936,0,1,41,0,41,0
consecutive_reads,937,0,1,41,0,41,0
consecutive_reads,938,0,1,39,0,39,0
consecutive_reads,939,0,1,41,0,41,0
consecutive_reads,940,0,1,41,0,41,0
consecutive_reads,941,0,1,41,0,41,0
consecutive_reads,942,0,1,41,0,41,0
consecutive_reads,943,0,1,41,0,41,0
consecutive_reads,944,0,1,41,0,41,0
consecutive_reads,945,0,1,41,0,41,0
consecutive_reads,946,0,1,41,0,41,0
consecutive_reads,947,0,1,41,0,41,0
consecutive_reads,948,0,1,41,0,41,0
consecutive_reads,949,0,1,41,0,41,0
consecutive_reads,950,0,1,41,0,41,0
consecutive_reads,951,0,1,41,0,41,0
consecutive_reads,952,0,1,41,0,41,0
consecutive_reads,953,0,1,42,0,42,0
consecutive_reads,954,0,1,41,0,41,0
consecutive_reads,955,0,1,41,0,41,0
consecutive_reads,956,0,1,41,0,41,0
consecutive_reads,957,0,1,41,0,41,0
consecutive_reads,958,0,1,41,0,41,0
consecutive_reads,959,0,1,41,0,41,0
consecutive_reads,960,0,1,39,0,39,0
consecutive_reads,961,0,1,41,0,41,0
consecutive_reads,962,0,1,41,0,41,0
consecutive_reads,963,0,1,41,0,41,0
consecutive_reads,964,0,1,41,0,41,0
consecutive_reads,965,0,1,41,0,41,0
consecutive_reads,966,0,1,40,0,40,0
consecutive_reads,967,0,1,41,0,41,0
consecutive_reads,968,0,1,41,0,41,0
consecutive_reads,969,0,1,41,0,41,0
consecutive_reads,970,0,1,40,0,40,0
consecutive_reads,971,0,1,41,0,41,0
consecutive_reads,972,0,1,42,0,42,0
consecutive_reads,973,0,1,40,0,40,0
consecutive_reads,974,0,1,39,0,39,0
consecutive_reads,975,0,1,39,0,39,0
consecutive_reads,976,0,1,40,0,40,0
consecutive_reads,977,0,1,40,0,40,0
consecutive_reads,978,0,1,39,0,39,0
consecutive_reads,979,0,1,42,0,42,0
consecutive_reads,980,0,1,41,0,41,0
consecutive_reads,981,0,1,41,0,41,0
consecutive_reads,982,0,1,41,0,41,0
consecutive_reads,983,0,1,41,0,41,0
consecutive_reads,984,0,1,41,0,41,0
consecutive_reads,985,0,1,41,0,41,0
consecutive_reads,986,0,1,41,0,41,0
consecutive_reads,987,0,1,41,0,41,0
consecutive_reads,988,0,1,40,0,40,0
consecutive_reads,989,0,1,41,0,41,0
consecutive_reads,990,0,1,39,0,39,0
consecutive_reads,991,0,1,40,0,40,0
consecutive_reads,992,0,1,40,0,40,0
consecutive_reads,993,0,1,39,0,39,0
consecutive_reads,994,0,1,41,0,41,0
consecutive_reads,995,0,1,41,0,41,0
consecutive_reads,996,0,1,41,0,41,0
consecutive_reads,997,0,1,41,0,41,0
consecutive_reads,998,0,1,41,0,41,0
consecutive_reads,999,0,1,41,0,41,0
batched_reads,0,0,100,4156,0,42,0
batched_reads,1,0,100,4133,0,41,0
batched_reads,2,0,100,4128,0,41,0
batched_reads,3,0,100,4114,0,41,0
batched_reads,4,0,100,4111,0,41,0
busy_cpu,0,0,1,10029734,10003721,10029734,2762940556757695509
sleep,0,1,1,20071724,15773,20071724,0
sleep,1,0,1,20082352,17347,20082352,0
busy_cpu,1,1,1,10002933,10002418,10002933,17715814173256776725
busy_cpu,2,0,1,10002534,10002068,10002534,6846336669956111381
sleep,2,1,1,20075072,18747,20075072,0
sleep,3,0,1,20159780,20549,20159780,0
busy_cpu,3,1,1,10002310,10001506,10002310,8831663162545372181
busy_cpu,4,0,1,10001902,10001438,10001902,2052692288203357205
sleep,4,1,1,20164451,17428,20164451,0
