compiler,level,label,n,processes,calls_per_sample,median_ns_per_element,ci95_low,ci95_high,q25_ns_per_element,q75_ns_per_element,between_process_relative_iqr,median_ns_per_call,median_throughput_elements_per_s
clang,O0,sum_array,64,15,65536,1.409387,1.392124,1.435814,1.388416,1.437619,0.0349,90.201,709528511
clang,O0,sum_array,256,15,16384,1.235812,1.231591,1.238992,1.227677,1.239909,0.0099,316.368,809184758
clang,O0,sum_array,1024,15,4096,1.041643,1.039216,1.049499,1.039032,1.050824,0.0113,1066.642,960022120
clang,O0,sum_array,4096,15,1024,0.977236,0.976175,0.978384,0.976135,0.978813,0.0027,4002.760,1023293987
clang,O0,sum_array,16384,15,256,1.019247,1.013335,1.023865,1.012549,1.023740,0.0110,16699.336,981116858
clang,O0,sum_array,65536,15,64,1.020528,1.013370,1.028591,1.013481,1.028528,0.0147,66881.328,979884847
clang,O0,sum_array,262144,15,16,1.061431,1.053879,1.071622,1.053745,1.071247,0.0165,278247.688,942124631
clang,O0,sum_array,1048576,15,4,1.285067,1.232879,1.312054,1.224449,1.313193,0.0691,1347490.000,778169782
clang,O0,sum_array,4194304,15,1,1.136541,1.127775,1.152055,1.123749,1.149002,0.0222,4766999.000,879862572
clang,O0,sum_array_bis,64,15,65536,1.392330,1.372006,1.426067,1.368799,1.423638,0.0394,89.109,718220326
clang,O0,sum_array_bis,256,15,16384,1.227165,1.218750,1.249019,1.220214,1.253707,0.0273,314.154,814886671
clang,O0,sum_array_bis,1024,15,4096,1.041199,1.034934,1.047932,1.036719,1.047962,0.0108,1066.188,960431004
clang,O0,sum_array_bis,4096,15,1024,0.975053,0.974422,0.980234,0.972014,0.980440,0.0086,3993.818,1025584949
clang,O0,sum_array_bis,16384,15,256,1.022011,1.018890,1.024628,1.018698,1.024862,0.0060,16744.621,978463466
clang,O0,sum_array_bis,65536,15,64,1.023914,1.016542,1.026258,1.017145,1.025926,0.0086,67103.250,976644201
clang,O0,sum_array_bis,262144,15,16,1.060446,1.050306,1.095596,1.048591,1.096132,0.0448,277989.562,942999434
clang,O0,sum_array_bis,1048576,15,4,1.256242,1.219554,1.306673,1.214580,1.307825,0.0742,1317265.250,796024946
clang,O0,sum_array_bis,4194304,15,1,1.150273,1.132518,1.156960,1.132613,1.159107,0.0230,4824594.000,869358955
clang,O0,sum_array_twice,64,15,65536,2.598997,2.567868,2.648094,2.576239,2.646601,0.0271,166.336,384763762
clang,O0,sum_array_twice,256,15,16384,2.122436,2.113293,2.144292,2.107517,2.149055,0.0196,543.344,471156823
clang,O0,sum_array_twice,1024,15,4096,2.005476,1.984313,2.011732,1.984750,2.011796,0.0135,2053.607,498634739
clang,O0,sum_array_twice,4096,15,1024,1.969862,1.961449,1.973708,1.963822,1.972607,0.0045,8068.555,507649779
clang,O0,sum_array_twice,16384,15,256,2.058380,2.054793,2.060225,2.054648,2.059992,0.0026,33724.500,485818915
clang,O0,sum_array_twice,65536,15,64,2.068848,2.060517,2.076278,2.058031,2.076512,0.0089,135584.031,483360757
clang,O0,sum_array_twice,262144,15,16,2.130532,2.095135,2.135492,2.098810,2.140181,0.0194,558506.062,469366436
clang,O0,sum_array_twice,1048576,15,4,2.507739,2.358644,2.613895,2.320887,2.669932,0.1392,2629554.500,398765646
clang,O0,sum_array_twice,4194304,15,1,2.304611,2.276565,2.328723,2.274471,2.327495,0.0230,9666238.000,433912759
clang,O0,sum_discarded,64,15,65536,1.445270,1.437748,1.453904,1.439351,1.454040,0.0102,92.497,691912323
clang,O0,sum_discarded,256,15,16384,1.057390,1.052969,1.062503,1.052911,1.062274,0.0089,270.692,945724874
clang,O0,sum_discarded,1024,15,4096,0.994520,0.993502,0.994967,0.993747,0.995000,0.0013,1018.388,1005510247
clang,O0,sum_discarded,4096,15,1024,0.978108,0.977542,0.980586,0.976642,0.980549,0.0040,4006.332,1022381562
clang,O0,sum_discarded,16384,15,256,1.019071,1.007533,1.020943,1.011592,1.020639,0.0089,16696.465,981285569
clang,O0,sum_discarded,65536,15,64,1.020901,1.016747,1.025743,1.018249,1.026477,0.0081,66905.766,979526942
clang,O0,sum_discarded,262144,15,16,1.054940,1.049235,1.083305,1.050021,1.089127,0.0371,276546.188,947921222
clang,O0,sum_discarded,1048576,15,4,1.290889,1.218558,1.316793,1.204210,1.312138,0.0836,1353595.000,774660072
clang,O0,sum_discarded,4194304,15,1,1.140588,1.121702,1.152724,1.125898,1.150644,0.0217,4783971.000,876741101
clang,O0,sum_indices,64,15,65536,1.138482,1.124401,1.145404,1.125165,1.144212,0.0167,72.863,878362519
clang,O0,sum_indices,256,15,16384,0.927378,0.921775,0.928424,0.923202,0.929498,0.0068,237.409,1078308469
clang,O0,sum_indices,1024,15,4096,0.867288,0.859848,0.869307,0.860625,0.869945,0.0107,888.103,1153019695
clang,O0,sum_indices,4096,15,1024,0.850750,0.845537,0.852889,0.845807,0.852963,0.0084,3484.671,1175433813
clang,O0,sum_indices,16384,15,256,0.846719,0.842439,0.848912,0.843500,0.849384,0.0069,13872.637,1181029990
clang,O0,sum_indices,65536,15,64,0.847337,0.842203,0.848014,0.842378,0.848858,0.0076,55531.094,1180167643
clang,O0,sum_indices,262144,15,16,0.846795,0.843633,0.848429,0.843523,0.848226,0.0056,221982.188,1180923582
clang,O0,sum_indices,1048576,15,4,0.844626,0.840094,0.849429,0.840239,0.849463,0.0109,885655.000,1183955378
clang,O0,sum_indices,4194304,15,1,0.847194,0.844900,0.849378,0.844396,0.849477,0.0060,3553391.000,1180366585
clang,O1,sum_array,64,15,65536,0.601670,0.596806,0.606068,0.596157,0.606081,0.0165,38.507,1662041897
clang,O1,sum_array,256,15,16384,0.408400,0.405895,0.409501,0.405593,0.409531,0.0096,104.550,2448582330
clang,O1,sum_array,1024,15,4096,0.413090,0.412830,0.413353,0.412839,0.413296,0.0011,423.004,2420780030
clang,O1,sum_array,4096,15,1024,0.413258,0.412743,0.414003,0.412724,0.413868,0.0028,1692.704,2419796819
clang,O1,sum_array,16384,15,256,0.414240,0.413615,0.414592,0.413550,0.414502,0.0023,6786.910,2414058772
clang,O1,sum_array,65536,15,64,0.415851,0.415010,0.416485,0.414868,0.416822,0.0047,27253.234,2404705405
clang,O1,sum_array,262144,15,16,0.447608,0.437451,0.450074,0.432702,0.449803,0.0382,117337.875,2234095342
clang,O1,sum_array,1048576,15,4,0.743871,0.687291,0.843784,0.685839,0.822692,0.1840,780005.750,1344318295
clang,O1,sum_array,4194304,15,1,0.761944,0.716638,0.771860,0.723949,0.770907,0.0616,3195825.000,1312432314
clang,O1,sum_array_bis,64,15,65536,0.606448,0.595332,0.606572,0.595433,0.606581,0.0184,38.813,1648946818
clang,O1,sum_array_bis,256,15,16384,0.409023,0.408129,0.409820,0.408052,0.409772,0.0042,104.710,2444852862
clang,O1,sum_array_bis,1024,15,4096,0.413100,0.412969,0.413536,0.412610,0.413452,0.0020,423.014,2420722747
clang,O1,sum_array_bis,4096,15,1024,0.413041,0.412912,0.413366,0.412900,0.413357,0.0011,1691.815,2421067883
clang,O1,sum_array_bis,16384,15,256,0.413754,0.413351,0.414625,0.413470,0.414743,0.0031,6778.941,2416896536
clang,O1,sum_array_bis,65536,15,64,0.416517,0.414358,0.419199,0.414414,0.419392,0.0120,27296.891,2400859530
clang,O1,sum_array_bis,262144,15,16,0.442122,0.436101,0.449572,0.437039,0.449714,0.0287,115899.562,2261820445
clang,O1,sum_array_bis,1048576,15,4,0.734579,0.691420,0.778223,0.684016,0.794803,0.1508,770262.000,1361323809
clang,O1,sum_array_bis,4194304,15,1,0.730805,0.718861,0.768444,0.717480,0.784938,0.0923,3065220.000,1368353332
clang,O1,sum_array_twice,64,15,65536,1.110881,1.102649,1.117324,1.102330,1.115719,0.0121,71.096,900186162
clang,O1,sum_array_twice,256,15,16384,0.825866,0.825450,0.827336,0.825317,0.827051,0.0021,211.422,1210850559
clang,O1,sum_array_twice,1024,15,4096,0.830328,0.829215,0.831291,0.829342,0.831297,0.0024,850.256,1204343708
clang,O1,sum_array_twice,4096,15,1024,0.832706,0.831090,0.834696,0.831434,0.834323,0.0035,3410.766,1200903390
clang,O1,sum_array_twice,16384,15,256,0.834118,0.833560,0.834954,0.833500,0.835035,0.0018,13666.195,1198870617
clang,O1,sum_array_twice,65536,15,64,0.834420,0.833719,0.840397,0.833812,0.840344,0.0078,54684.531,1198437629
clang,O1,sum_array_twice,262144,15,16,0.870960,0.864867,0.877593,0.865886,0.876983,0.0127,228317.000,1148158043
clang,O1,sum_array_twice,1048576,15,4,1.269123,1.205455,1.438520,1.199355,1.403962,0.1612,1330771.750,787945792
clang,O1,sum_array_twice,4194304,15,1,1.569577,1.535976,1.589602,1.530832,1.586574,0.0355,6583283.000,637114339
clang,O1,sum_discarded,64,15,65536,0.025404,0.025402,0.025418,0.025402,0.025418,0.0006,1.626,39364285647
clang,O1,sum_discarded,256,15,16384,0.006617,0.006603,0.006620,0.006599,0.006621,0.0032,1.694,151129751739
clang,O1,sum_discarded,1024,15,4096,0.001913,0.001648,0.001925,0.001640,0.001926,0.1494,1.959,522784993145
clang,O1,sum_discarded,4096,15,1024,0.000733,0.000729,0.000735,0.000575,0.000736,0.2194,3.002,1364445022772
clang,O1,sum_discarded,16384,15,256,0.000113,0.000112,0.000114,0.000112,0.000114,0.0189,1.855,8830113684211
clang,O1,sum_discarded,65536,15,64,0.000037,0.000036,0.000037,0.000036,0.000037,0.0195,2.406,27235740259740
clang,O1,sum_discarded,262144,15,16,0.000017,0.000017,0.000018,0.000017,0.000018,0.0411,4.562,57456219178082
clang,O1,sum_discarded,1048576,15,4,0.000012,0.000012,0.000013,0.000012,0.000013,0.0481,13.000,80659692307692
clang,O1,sum_discarded,4194304,15,1,0.000012,0.000011,0.000012,0.000011,0.000012,0.0918,49.000,85598040816327
clang,O1,sum_indices,64,15,65536,0.025407,0.025400,0.025414,0.025400,0.025414,0.0005,1.626,39359114156
clang,O1,sum_indices,256,15,16384,0.006612,0.006603,0.006624,0.006601,0.006623,0.0033,1.693,151249648408
clang,O1,sum_indices,1024,15,4096,0.001907,0.001648,0.001920,0.001646,0.001917,0.1426,1.952,524484681756
clang,O1,sum_indices,4096,15,1024,0.000731,0.000421,0.000741,0.000420,0.000739,0.4369,2.995,1367559178350
clang,O1,sum_indices,16384,15,256,0.000113,0.000113,0.000113,0.000112,0.000113,0.0064,1.844,8886237288136
clang,O1,sum_indices,65536,15,64,0.000036,0.000036,0.000037,0.000036,0.000037,0.0364,2.359,27776847682119
clang,O1,sum_indices,262144,15,16,0.000018,0.000017,0.000018,0.000017,0.000018,0.0526,4.750,55188210526316
clang,O1,sum_indices,1048576,15,4,0.000013,0.000012,0.000014,0.000012,0.000014,0.0943,13.250,79137811320755
clang,O1,sum_indices,4194304,15,1,0.000011,0.000010,0.000011,0.000010,0.000012,0.0978,46.000,91180521739130
clang,O2,sum_array,64,15,65536,0.157156,0.156967,0.157327,0.156987,0.157339,0.0022,10.058,6363104557
clang,O2,sum_array,256,15,16384,0.151037,0.150844,0.151198,0.150825,0.151168,0.0023,38.665,6620905644
clang,O2,sum_array,1024,15,4096,0.125215,0.125165,0.125380,0.125144,0.125367,0.0018,128.220,7986245004
clang,O2,sum_array,4096,15,1024,0.128756,0.128675,0.128811,0.128658,0.128792,0.0010,527.385,7766625559
clang,O2,sum_array,16384,15,256,0.138152,0.138062,0.138540,0.138040,0.138500,0.0033,2263.484,7238397658
clang,O2,sum_array,65536,15,64,0.139700,0.139008,0.140377,0.139140,0.140554,0.0101,9155.406,7158174985
clang,O2,sum_array,262144,15,16,0.216001,0.212560,0.236740,0.210907,0.233198,0.1032,56623.250,4629617692
clang,O2,sum_array,1048576,15,4,0.541579,0.489988,0.605146,0.508844,0.580013,0.1314,567886.250,1846454286
clang,O2,sum_array,4194304,15,1,0.714286,0.687904,0.752526,0.690170,0.749482,0.0830,2995934.000,1399998798
clang,O2,sum_array_bis,64,15,65536,0.157316,0.156984,0.157511,0.157048,0.157523,0.0030,10.068,6356633744
clang,O2,sum_array_bis,256,15,16384,0.151095,0.150924,0.151247,0.150926,0.151266,0.0022,38.680,6618346038
clang,O2,sum_array_bis,1024,15,4096,0.125406,0.125207,0.125436,0.125223,0.125450,0.0018,128.416,7974098416
clang,O2,sum_array_bis,4096,15,1024,0.128792,0.128701,0.128869,0.128710,0.128860,0.0012,527.531,7764468930
clang,O2,sum_array_bis,16384,15,256,0.138401,0.137910,0.138608,0.137895,0.138555,0.0048,2267.562,7225379675
clang,O2,sum_array_bis,65536,15,64,0.141119,0.139539,0.142085,0.140103,0.142316,0.0157,9248.344,7086241793
clang,O2,sum_array_bis,262144,15,16,0.215249,0.201302,0.220181,0.204805,0.220852,0.0745,56426.188,4645786143
clang,O2,sum_array_bis,1048576,15,4,0.548843,0.539803,0.604732,0.538520,0.594494,0.1020,575503.500,1822014983
clang,O2,sum_array_bis,4194304,15,1,0.711537,0.702631,0.724214,0.697427,0.726638,0.0411,2984403.000,1405408050
clang,O2,sum_array_twice,64,15,65536,0.401191,0.388983,0.421256,0.390749,0.420635,0.0745,25.676,2492579853
clang,O2,sum_array_twice,256,15,16384,0.324535,0.321907,0.326623,0.322109,0.326762,0.0143,83.081,3081330503
clang,O2,sum_array_twice,1024,15,4096,0.256280,0.255587,0.256607,0.255634,0.256736,0.0043,262.431,3901979409
clang,O2,sum_array_twice,4096,15,1024,0.258488,0.258320,0.258617,0.258365,0.258617,0.0010,1058.767,3868652443
clang,O2,sum_array_twice,16384,15,256,0.275964,0.275431,0.276435,0.275581,0.276355,0.0028,4521.391,3623663903
clang,O2,sum_array_twice,65536,15,64,0.278136,0.276700,0.279319,0.277210,0.279413,0.0079,18227.922,3595363226
clang,O2,sum_array_twice,262144,15,16,0.410764,0.398247,0.421433,0.397570,0.421453,0.0581,107679.188,2434490881
clang,O2,sum_array_twice,1048576,15,4,1.075799,0.981711,1.160820,0.975461,1.158929,0.1705,1128057.250,929541475
clang,O2,sum_array_twice,4194304,15,1,1.519685,1.459708,1.545813,1.475686,1.547839,0.0475,6374019.000,658031299
clang,O2,sum_discarded,64,15,65536,0.025066,0.025064,0.025068,0.025064,0.025069,0.0002,1.604,39894459504
clang,O2,sum_discarded,256,15,16384,0.006276,0.006276,0.006277,0.006275,0.006277,0.0003,1.607,159339892869
clang,O2,sum_discarded,1024,15,4096,0.001579,0.001579,0.001580,0.001579,0.001580,0.0010,1.617,633198067633
clang,O2,sum_discarded,4096,15,1024,0.000403,0.000402,0.000404,0.000402,0.000404,0.0030,1.651,2480369012419
clang,O2,sum_discarded,16384,15,256,0.000110,0.000110,0.000110,0.000110,0.000110,0.0076,1.805,9078580086580
clang,O2,sum_discarded,65536,15,64,0.000036,0.000035,0.000036,0.000035,0.000036,0.0101,2.328,28149691275168
clang,O2,sum_discarded,262144,15,16,0.000017,0.000017,0.000017,0.000017,0.000017,0.0423,4.438,59074704225352
clang,O2,sum_discarded,1048576,15,4,0.000012,0.000011,0.000012,0.000011,0.000012,0.0784,12.750,82241254901961
clang,O2,sum_discarded,4194304,15,1,0.000011,0.000010,0.000011,0.000010,0.000011,0.0778,45.000,93206755555556
clang,O2,sum_indices,64,15,65536,0.025066,0.025065,0.025068,0.025065,0.025068,0.0001,1.604,39894080049
clang,O2,sum_indices,256,15,16384,0.006276,0.006275,0.006277,0.006275,0.006277,0.0002,1.607,159327787274
clang,O2,sum_indices,1024,15,4096,0.001579,0.001578,0.001580,0.001578,0.001580,0.0010,1.617,633293673562
clang,O2,sum_indices,4096,15,1024,0.000403,0.000402,0.000404,0.000402,0.000404,0.0033,1.649,2483306098283
clang,O2,sum_indices,16384,15,256,0.000109,0.000109,0.000110,0.000109,0.000110,0.0098,1.789,9157868995633
clang,O2,sum_indices,65536,15,64,0.000035,0.000035,0.000036,0.000035,0.000036,0.0408,2.297,28532680272109
clang,O2,sum_indices,262144,15,16,0.000016,0.000016,0.000017,0.000016,0.000017,0.0580,4.312,60787014492754
clang,O2,sum_indices,1048576,15,4,0.000012,0.000012,0.000013,0.000012,0.000013,0.0784,12.750,82241254901961
clang,O2,sum_indices,4194304,15,1,0.000011,0.000010,0.000011,0.000010,0.000011,0.1087,46.000,91180521739130
clang,O3,sum_array,64,15,65536,0.157129,0.156970,0.157601,0.156970,0.157569,0.0038,10.056,6364214887
clang,O3,sum_array,256,15,16384,0.150985,0.150843,0.151099,0.150805,0.151131,0.0022,38.652,6623184836
clang,O3,sum_array,1024,15,4096,0.125252,0.125161,0.125432,0.125157,0.125400,0.0019,128.258,7983934306
clang,O3,sum_array,4096,15,1024,0.128742,0.128651,0.128871,0.128659,0.128860,0.0016,527.329,7767445392
clang,O3,sum_array,16384,15,256,0.138275,0.138082,0.138524,0.138089,0.138448,0.0026,2265.496,7231970095
clang,O3,sum_array,65536,15,64,0.140235,0.139718,0.141261,0.139751,0.141279,0.0109,9190.422,7130902247
clang,O3,sum_array,262144,15,16,0.213846,0.207618,0.229745,0.207462,0.227877,0.0955,56058.438,4676263051
clang,O3,sum_array,1048576,15,4,0.556012,0.512381,0.608209,0.514166,0.602969,0.1597,583021.000,1798521837
clang,O3,sum_array,4194304,15,1,0.732276,0.704873,0.779418,0.701909,0.778934,0.1052,3071388.000,1365605388
clang,O3,sum_array_bis,64,15,65536,0.157135,0.156980,0.157592,0.156825,0.157578,0.0048,10.057,6363973478
clang,O3,sum_array_bis,256,15,16384,0.150947,0.150798,0.151268,0.150782,0.151275,0.0033,38.642,6624837708
clang,O3,sum_array_bis,1024,15,4096,0.125238,0.125084,0.125283,0.124973,0.125283,0.0025,128.244,7984800661
clang,O3,sum_array_bis,4096,15,1024,0.128791,0.128684,0.128942,0.128598,0.128947,0.0027,527.529,7764497677
clang,O3,sum_array_bis,16384,15,256,0.138119,0.138060,0.138285,0.138022,0.138274,0.0018,2262.941,7240134435
clang,O3,sum_array_bis,65536,15,64,0.140320,0.139708,0.141838,0.139660,0.141514,0.0132,9196.016,7126564664
clang,O3,sum_array_bis,262144,15,16,0.211250,0.202869,0.219388,0.204462,0.217966,0.0639,55378.000,4733720972
clang,O3,sum_array_bis,1048576,15,4,0.560324,0.493187,0.603815,0.500827,0.594289,0.1668,587542.000,1784682627
clang,O3,sum_array_bis,4194304,15,1,0.719333,0.696676,0.754464,0.696301,0.760412,0.0891,3017100.000,1390177323
clang,O3,sum_array_twice,64,15,65536,0.402004,0.396591,0.421208,0.390695,0.420728,0.0747,25.728,2487540366
clang,O3,sum_array_twice,256,15,16384,0.324152,0.323432,0.327452,0.323441,0.327307,0.0119,82.983,3084970282
clang,O3,sum_array_twice,1024,15,4096,0.256110,0.255509,0.256385,0.255483,0.256401,0.0036,262.257,3904572972
clang,O3,sum_array_twice,4096,15,1024,0.258125,0.258032,0.258361,0.258038,0.258397,0.0014,1057.280,3874091008
clang,O3,sum_array_twice,16384,15,256,0.276184,0.276020,0.276433,0.275970,0.276388,0.0015,4524.992,3620779732
clang,O3,sum_array_twice,65536,15,64,0.277040,0.276509,0.278173,0.276620,0.277982,0.0049,18156.078,3609590108
clang,O3,sum_array_twice,262144,15,16,0.401029,0.394168,0.406873,0.394610,0.417699,0.0576,105127.250,2493587533
clang,O3,sum_array_twice,1048576,15,4,1.020184,0.944826,1.152459,0.944953,1.146063,0.1971,1069740.000,980215753
clang,O3,sum_array_twice,4194304,15,1,1.504389,1.464489,1.545302,1.469053,1.548691,0.0529,6309865.000,664721670
clang,O3,sum_discarded,64,15,65536,0.025065,0.025063,0.025067,0.025063,0.025066,0.0001,1.604,39895977400
clang,O3,sum_discarded,256,15,16384,0.006276,0.006276,0.006277,0.006275,0.006277,0.0003,1.607,159339892869
clang,O3,sum_discarded,1024,15,4096,0.001580,0.001579,0.001580,0.001578,0.001581,0.0014,1.618,633006942348
clang,O3,sum_discarded,4096,15,1024,0.000403,0.000403,0.000404,0.000403,0.000404,0.0027,1.652,2478903073286
clang,O3,sum_discarded,16384,15,256,0.000109,0.000109,0.000110,0.000109,0.000110,0.0120,1.793,9137917211329
clang,O3,sum_discarded,65536,15,64,0.000036,0.000035,0.000036,0.000035,0.000036,0.0268,2.328,28149691275168
clang,O3,sum_discarded,262144,15,16,0.000017,0.000017,0.000017,0.000017,0.000017,0.0352,4.438,59074704225352
clang,O3,sum_discarded,1048576,15,4,0.000011,0.000011,0.000012,0.000011,0.000012,0.0521,12.000,87381333333333
clang,O3,sum_discarded,4194304,15,1,0.000010,0.000010,0.000010,0.000010,0.000011,0.1220,41.000,102300097560976
clang,O3,sum_indices,64,15,65536,0.025064,0.025064,0.025066,0.025064,0.025066,0.0001,1.604,39897115897
clang,O3,sum_indices,256,15,16384,0.006276,0.006275,0.006277,0.006275,0.006277,0.0002,1.607,159339892869
clang,O3,sum_indices,1024,15,4096,0.001578,0.001577,0.001579,0.001577,0.001580,0.0014,1.616,633676386161
clang,O3,sum_indices,4096,15,1024,0.000403,0.000402,0.000403,0.000402,0.000403,0.0015,1.649,2483306098283
clang,O3,sum_indices,16384,15,256,0.000109,0.000108,0.000110,0.000108,0.000109,0.0109,1.785,9177908096280
clang,O3,sum_indices,65536,15,64,0.000035,0.000035,0.000036,0.000035,0.000036,0.0408,2.297,28532680272109
clang,O3,sum_indices,262144,15,16,0.000017,0.000016,0.000018,0.000017,0.000018,0.0714,4.375,59918628571429
clang,O3,sum_indices,1048576,15,4,0.000012,0.000012,0.000012,0.000012,0.000013,0.0700,12.500,83886080000000
clang,O3,sum_indices,4194304,15,1,0.000011,0.000010,0.000011,0.000010,0.000011,0.1000,45.000,93206755555556
gcc,O0,sum_array,64,15,65536,1.979510,1.970609,1.981217,1.972550,1.980749,0.0041,126.689,505175566
gcc,O0,sum_array,256,15,16384,2.426810,2.402740,2.457238,2.402851,2.462313,0.0245,621.263,412063609
gcc,O0,sum_array,1024,15,4096,2.580825,2.573590,2.635812,2.574863,2.635837,0.0236,2642.765,387472949
gcc,O0,sum_array,4096,15,1024,2.675866,2.661687,2.692489,2.662064,2.712265,0.0188,10960.346,373710840
gcc,O0,sum_array,16384,15,256,3.035365,3.030385,3.049548,3.031757,3.052731,0.0069,49731.422,329449659
gcc,O0,sum_array,65536,15,64,3.055287,3.043300,3.066061,3.042602,3.077294,0.0114,200231.266,327301532
gcc,O0,sum_array,262144,15,16,3.052759,3.040453,3.075818,3.043746,3.070614,0.0088,800262.438,327572541
gcc,O0,sum_array,1048576,15,4,2.995455,2.971133,3.020843,2.968660,3.027467,0.0196,3140962.000,333839123
gcc,O0,sum_array,4194304,15,1,3.230211,3.189398,3.236896,3.188106,3.241273,0.0165,13548487.000,309577298
gcc,O0,sum_array_bis,64,15,65536,1.980240,1.969879,1.982556,1.967270,1.985933,0.0094,126.735,504989206
gcc,O0,sum_array_bis,256,15,16384,2.435587,2.399123,2.463233,2.398370,2.466732,0.0281,623.510,410578693
gcc,O0,sum_array_bis,1024,15,4096,2.597081,2.575387,2.638440,2.579757,2.638653,0.0227,2659.411,385047718
gcc,O0,sum_array_bis,4096,15,1024,2.660019,2.654464,2.673702,2.655376,2.701470,0.0173,10895.438,375937142
gcc,O0,sum_array_bis,16384,15,256,3.033636,3.027743,3.046339,3.029217,3.048252,0.0063,49703.090,329637454
gcc,O0,sum_array_bis,65536,15,64,3.062230,3.044908,3.089651,3.047315,3.095133,0.0156,200686.312,326559391
gcc,O0,sum_array_bis,262144,15,16,3.047061,3.034981,3.058534,3.039224,3.056323,0.0056,798768.688,328185123
gcc,O0,sum_array_bis,1048576,15,4,2.996608,2.961219,3.016162,2.951542,3.020980,0.0232,3142171.250,333710647
gcc,O0,sum_array_bis,4194304,15,1,3.182820,3.162958,3.213693,3.167347,3.219697,0.0164,13349716.000,314186759
gcc,O0,sum_array_twice,64,15,65536,4.607933,4.510423,4.634050,4.506965,4.634806,0.0277,294.908,217017065
gcc,O0,sum_array_twice,256,15,16384,5.075234,5.064732,5.207055,5.056817,5.155452,0.0194,1299.260,197035234
gcc,O0,sum_array_twice,1024,15,4096,5.307680,5.296643,5.334633,5.298507,5.347299,0.0092,5435.065,188406221
gcc,O0,sum_array_twice,4096,15,1024,5.497244,5.472390,5.524932,5.468731,5.557617,0.0162,22516.712,181909331
gcc,O0,sum_array_twice,16384,15,256,6.088169,6.077448,6.106166,6.077989,6.121373,0.0071,99748.566,164252987
gcc,O0,sum_array_twice,65536,15,64,6.112761,6.080522,6.134460,6.081339,6.135177,0.0088,400605.922,163592190
gcc,O0,sum_array_twice,262144,15,16,6.100341,6.080763,6.104806,6.081720,6.114932,0.0054,1599167.750,163925267
gcc,O0,sum_array_twice,1048576,15,4,5.985211,5.943504,6.012540,5.952113,6.016012,0.0107,6275949.000,167078477
gcc,O0,sum_array_twice,4194304,15,1,6.402316,6.344316,6.449714,6.350798,6.448478,0.0153,26853261.000,156193469
gcc,O0,sum_discarded,64,15,65536,1.969335,1.958483,1.974684,1.956679,1.978923,0.0113,126.037,507785664
gcc,O0,sum_discarded,256,15,16384,2.394446,2.379760,2.405227,2.377768,2.409844,0.0134,612.978,417633116
gcc,O0,sum_discarded,1024,15,4096,2.568816,2.554210,2.607172,2.556603,2.616296,0.0232,2630.468,389284410
gcc,O0,sum_discarded,4096,15,1024,2.663589,2.650275,2.678369,2.650543,2.678428,0.0105,10910.062,375433263
gcc,O0,sum_discarded,16384,15,256,3.040834,3.034957,3.048815,3.035514,3.082918,0.0156,49821.031,328857103
gcc,O0,sum_discarded,65536,15,64,3.058515,3.041694,3.081711,3.043694,3.074039,0.0099,200442.812,326956099
gcc,O0,sum_discarded,262144,15,16,3.049168,3.037328,3.053635,3.039162,3.072451,0.0109,799321.062,327958329
gcc,O0,sum_discarded,1048576,15,4,2.984527,2.938994,3.010196,2.950507,3.035068,0.0283,3129503.000,335061510
gcc,O0,sum_discarded,4194304,15,1,3.207431,3.169838,3.244780,3.180203,3.245183,0.0203,13452939.000,311776036
gcc,O0,sum_indices,64,15,65536,2.584466,2.573936,2.609882,2.572257,2.613210,0.0158,165.406,386927128
gcc,O0,sum_indices,256,15,16384,2.606636,2.597791,2.619606,2.596971,2.622432,0.0098,667.299,383636290
gcc,O0,sum_indices,1024,15,4096,2.811373,2.803309,2.821215,2.802486,2.821480,0.0068,2878.846,355698088
gcc,O0,sum_indices,4096,15,1024,2.899661,2.893917,2.910178,2.894105,2.910445,0.0056,11877.013,344867864
gcc,O0,sum_indices,16384,15,256,2.967094,2.962447,2.976759,2.962835,2.976936,0.0048,48612.875,337030056
gcc,O0,sum_indices,65536,15,64,3.023775,3.007939,3.026096,3.007570,3.028128,0.0068,198166.094,330712478
gcc,O0,sum_indices,262144,15,16,3.048158,3.034491,3.057697,3.034679,3.058963,0.0080,799056.375,328066965
gcc,O0,sum_indices,1048576,15,4,3.071038,3.055966,3.077897,3.056151,3.079920,0.0077,3220216.750,325622802
gcc,O0,sum_indices,4194304,15,1,3.073990,3.061071,3.077526,3.059889,3.076182,0.0053,12893247.000,325310141
gcc,O1,sum_array,64,15,65536,0.604980,0.601474,0.606957,0.601226,0.606929,0.0094,38.719,1652945924
gcc,O1,sum_array,256,15,16384,0.413767,0.412803,0.414291,0.412097,0.414320,0.0054,105.924,2416817155
gcc,O1,sum_array,1024,15,4096,0.414169,0.413018,0.414759,0.411994,0.414765,0.0067,424.109,2414472893
gcc,O1,sum_array,4096,15,1024,0.413682,0.413068,0.414144,0.412952,0.414098,0.0028,1694.443,2417313023
gcc,O1,sum_array,16384,15,256,0.414281,0.414066,0.414946,0.413972,0.415074,0.0027,6787.586,2413818425
gcc,O1,sum_array,65536,15,64,0.416958,0.415160,0.419425,0.415190,0.419175,0.0096,27325.766,2398322554
gcc,O1,sum_array,262144,15,16,0.453607,0.442095,0.480882,0.443721,0.478599,0.0769,118910.250,2204553434
gcc,O1,sum_array,1048576,15,4,0.779728,0.709175,0.934103,0.717641,0.926354,0.2677,817604.250,1282498226
gcc,O1,sum_array,4194304,15,1,0.768877,0.743713,0.820863,0.747290,0.824273,0.1001,3224905.000,1300597692
gcc,O1,sum_array_bis,64,15,65536,0.599017,0.595266,0.606246,0.594982,0.604648,0.0161,38.337,1669400639
gcc,O1,sum_array_bis,256,15,16384,0.413658,0.413357,0.414176,0.413309,0.414139,0.0020,105.896,2417456529
gcc,O1,sum_array_bis,1024,15,4096,0.414057,0.411652,0.414406,0.412599,0.414482,0.0045,423.994,2415126324
gcc,O1,sum_array_bis,4096,15,1024,0.413441,0.412794,0.414045,0.413064,0.413933,0.0021,1693.455,2418723740
gcc,O1,sum_array_bis,16384,15,256,0.414545,0.413623,0.414694,0.413686,0.414710,0.0025,6791.898,2412285777
gcc,O1,sum_array_bis,65536,15,64,0.416148,0.415069,0.420730,0.415253,0.419950,0.0113,27272.672,2402991548
gcc,O1,sum_array_bis,262144,15,16,0.454637,0.452439,0.484957,0.447314,0.473905,0.0585,119180.312,2199557918
gcc,O1,sum_array_bis,1048576,15,4,0.762373,0.723485,0.920651,0.724745,0.912874,0.2468,799406.250,1311693523
gcc,O1,sum_array_bis,4194304,15,1,0.779483,0.776896,0.806041,0.763233,0.800829,0.0482,3269387.000,1282902269
gcc,O1,sum_array_twice,64,15,65536,1.119942,1.102975,1.121700,1.105389,1.122967,0.0157,71.676,892903613
gcc,O1,sum_array_twice,256,15,16384,0.838326,0.828601,0.839456,0.832428,0.839472,0.0084,214.611,1192853748
gcc,O1,sum_array_twice,1024,15,4096,0.833902,0.832138,0.834260,0.832564,0.834317,0.0021,853.915,1199182191
gcc,O1,sum_array_twice,4096,15,1024,0.833231,0.832752,0.833767,0.832735,0.833731,0.0012,3412.913,1200147761
gcc,O1,sum_array_twice,16384,15,256,0.833525,0.832113,0.834637,0.832434,0.834598,0.0026,13656.469,1199724490
gcc,O1,sum_array_twice,65536,15,64,0.835612,0.834807,0.840101,0.834382,0.838828,0.0053,54762.641,1196728267
gcc,O1,sum_array_twice,262144,15,16,0.876873,0.870563,0.916966,0.871864,0.906571,0.0396,229866.875,1140416600
gcc,O1,sum_array_twice,1048576,15,4,1.312786,1.225969,1.668064,1.262272,1.728812,0.3554,1376555.750,761738854
gcc,O1,sum_array_twice,4194304,15,1,1.558508,1.470728,1.645632,1.476856,1.645253,0.1081,6536855.000,641639443
gcc,O1,sum_discarded,64,15,65536,0.586603,0.580369,0.596308,0.575710,0.595981,0.0346,37.543,1704731364
gcc,O1,sum_discarded,256,15,16384,0.294354,0.290823,0.298505,0.288704,0.299051,0.0352,75.355,3397264890
gcc,O1,sum_discarded,1024,15,4096,0.224866,0.224337,0.225420,0.224215,0.225721,0.0067,230.263,4447085218
gcc,O1,sum_discarded,4096,15,1024,0.208825,0.208588,0.209311,0.208543,0.209329,0.0038,855.346,4788707051
gcc,O1,sum_discarded,16384,15,256,0.204674,0.204504,0.204691,0.204480,0.204754,0.0013,3353.383,4885812601
gcc,O1,sum_discarded,65536,15,64,0.203662,0.203540,0.203787,0.203539,0.203798,0.0013,13347.172,4910103849
gcc,O1,sum_discarded,262144,15,16,0.203427,0.203333,0.203458,0.203324,0.203475,0.0007,53327.125,4915772227
gcc,O1,sum_discarded,1048576,15,4,0.203429,0.203146,0.203562,0.203236,0.203566,0.0016,213310.250,4915731898
gcc,O1,sum_discarded,4194304,15,1,0.203406,0.203227,0.203482,0.203246,0.203453,0.0010,853146.000,4916279277
gcc,O1,sum_indices,64,15,65536,0.573426,0.569276,0.573786,0.569318,0.573870,0.0079,36.699,1743904883
gcc,O1,sum_indices,256,15,16384,0.393557,0.392819,0.393719,0.392879,0.393773,0.0023,100.750,2540930614
gcc,O1,sum_indices,1024,15,4096,0.409060,0.408427,0.409247,0.408298,0.409299,0.0024,418.877,2444629142
gcc,O1,sum_indices,4096,15,1024,0.411941,0.410993,0.412127,0.411067,0.412117,0.0026,1687.312,2427530390
gcc,O1,sum_indices,16384,15,256,0.412651,0.411902,0.412918,0.411847,0.412817,0.0024,6760.879,2423353565
gcc,O1,sum_indices,65536,15,64,0.412568,0.411960,0.412966,0.412053,0.412877,0.0020,27038.078,2423840914
gcc,O1,sum_indices,262144,15,16,0.412531,0.411853,0.412899,0.411861,0.412804,0.0023,108142.438,2424062247
gcc,O1,sum_indices,1048576,15,4,0.412774,0.412611,0.412932,0.412426,0.412914,0.0012,432825.250,2422631304
gcc,O1,sum_indices,4194304,15,1,0.412735,0.412126,0.413028,0.412187,0.413003,0.0020,1731138.000,2422859414
gcc,O2,sum_array,64,15,65536,0.591370,0.590651,0.592736,0.590681,0.592314,0.0028,37.848,1690989782
gcc,O2,sum_array,256,15,16384,0.410167,0.409133,0.410392,0.409298,0.410444,0.0028,105.003,2438034299
gcc,O2,sum_array,1024,15,4096,0.412990,0.410389,0.414154,0.410763,0.414222,0.0084,422.901,2421368384
gcc,O2,sum_array,4096,15,1024,0.413203,0.410587,0.413534,0.410776,0.413513,0.0066,1692.478,2420120743
gcc,O2,sum_array,16384,15,256,0.413858,0.413183,0.414027,0.412696,0.414126,0.0035,6780.656,2416285297
gcc,O2,sum_array,65536,15,64,0.414550,0.413661,0.419134,0.413739,0.420030,0.0152,27167.969,2412252480
gcc,O2,sum_array,262144,15,16,0.445930,0.430874,0.470357,0.433352,0.468193,0.0781,116898.000,2242502010
gcc,O2,sum_array,1048576,15,4,0.795306,0.638332,0.843681,0.636208,0.862109,0.2840,833939.000,1257377338
gcc,O2,sum_array,4194304,15,1,0.760393,0.736148,0.780706,0.735540,0.797808,0.0819,3189318.000,1315110002
gcc,O2,sum_array_bis,64,15,65536,0.587999,0.578572,0.591964,0.582292,0.591694,0.0160,37.632,1700682170
gcc,O2,sum_array_bis,256,15,16384,0.409993,0.408216,0.410843,0.407553,0.410623,0.0075,104.958,2439065011
gcc,O2,sum_array_bis,1024,15,4096,0.414076,0.411799,0.414318,0.411909,0.414402,0.0060,424.014,2415015077
gcc,O2,sum_array_bis,4096,15,1024,0.413450,0.410267,0.413990,0.410360,0.413995,0.0088,1693.492,2418670739
gcc,O2,sum_array_bis,16384,15,256,0.413224,0.412883,0.414201,0.411758,0.414339,0.0062,6770.262,2419995073
gcc,O2,sum_array_bis,65536,15,64,0.415581,0.413255,0.417199,0.413699,0.417339,0.0088,27235.531,2406268466
gcc,O2,sum_array_bis,262144,15,16,0.451756,0.437096,0.468680,0.437066,0.470954,0.0750,118425.188,2213583153
gcc,O2,sum_array_bis,1048576,15,4,0.804850,0.652558,0.857064,0.681697,0.854827,0.2151,843946.750,1242467016
gcc,O2,sum_array_bis,4194304,15,1,0.746159,0.709002,0.787144,0.715371,0.787896,0.0972,3129616.000,1340197647
gcc,O2,sum_array_twice,64,15,65536,1.129080,1.124828,1.138779,1.125525,1.138172,0.0112,72.261,885676976
gcc,O2,sum_array_twice,256,15,16384,0.835401,0.826071,0.838718,0.826357,0.838876,0.0150,213.863,1197030188
gcc,O2,sum_array_twice,1024,15,4096,0.833105,0.827217,0.834214,0.827527,0.834050,0.0078,853.100,1200328764
gcc,O2,sum_array_twice,4096,15,1024,0.832173,0.818727,0.833497,0.819050,0.833638,0.0175,3408.580,1201673397
gcc,O2,sum_array_twice,16384,15,256,0.833710,0.830569,0.834421,0.830575,0.834435,0.0046,13659.508,1199457566
gcc,O2,sum_array_twice,65536,15,64,0.835042,0.827108,0.837820,0.829929,0.838720,0.0105,54725.312,1197544555
gcc,O2,sum_array_twice,262144,15,16,0.854224,0.847155,0.864955,0.847986,0.865492,0.0205,223929.688,1170653177
gcc,O2,sum_array_twice,1048576,15,4,1.410177,1.167064,1.558138,1.192005,1.594767,0.2856,1478677.750,709130843
gcc,O2,sum_array_twice,4194304,15,1,1.522438,1.482344,1.617891,1.479740,1.607842,0.0841,6385566.000,656841383
gcc,O2,sum_discarded,64,15,65536,0.025409,0.025402,0.025415,0.025402,0.025414,0.0005,1.626,39355790343
gcc,O2,sum_discarded,256,15,16384,0.006612,0.006600,0.006620,0.006603,0.006622,0.0028,1.693,151244194432
gcc,O2,sum_discarded,1024,15,4096,0.001913,0.001908,0.001928,0.001777,0.001927,0.0783,1.959,522654704050
gcc,O2,sum_discarded,4096,15,1024,0.000737,0.000408,0.000741,0.000413,0.000744,0.4487,3.018,1357379935275
gcc,O2,sum_discarded,16384,15,256,0.000113,0.000113,0.000114,0.000113,0.000115,0.0179,1.855,8830113684211
gcc,O2,sum_discarded,65536,15,64,0.000036,0.000036,0.000037,0.000036,0.000037,0.0131,2.391,27413751633987
gcc,O2,sum_discarded,262144,15,16,0.000017,0.000017,0.000018,0.000017,0.000018,0.0548,4.562,57456219178082
gcc,O2,sum_discarded,1048576,15,4,0.000013,0.000012,0.000013,0.000012,0.000013,0.0755,13.250,79137811320755
gcc,O2,sum_discarded,4194304,15,1,0.000011,0.000011,0.000012,0.000011,0.000012,0.1042,48.000,87381333333333
gcc,O2,sum_indices,64,15,65536,0.243282,0.242907,0.243595,0.242926,0.243533,0.0025,15.570,4110454832
gcc,O2,sum_indices,256,15,16384,0.295803,0.295643,0.296223,0.295629,0.296172,0.0018,75.725,3380632972
gcc,O2,sum_indices,1024,15,4096,0.376855,0.375387,0.377411,0.375417,0.377419,0.0053,385.899,2653542894
gcc,O2,sum_indices,4096,15,1024,0.400185,0.398076,0.401052,0.397655,0.401252,0.0090,1639.157,2498845098
gcc,O2,sum_indices,16384,15,256,0.408649,0.405325,0.409246,0.405390,0.409254,0.0095,6695.301,2447089464
gcc,O2,sum_indices,65536,15,64,0.411282,0.407984,0.411878,0.408353,0.411898,0.0086,26953.797,2431419970
gcc,O2,sum_indices,262144,15,16,0.411822,0.408173,0.412670,0.408331,0.412748,0.0107,107956.688,2428233082
gcc,O2,sum_indices,1048576,15,4,0.412274,0.409223,0.412744,0.409166,0.412821,0.0089,432300.500,2425572027
gcc,O2,sum_indices,4194304,15,1,0.412080,0.408411,0.413033,0.408684,0.413004,0.0105,1728390.000,2426711564
gcc,O3,sum_array,64,15,65536,0.258018,0.257390,0.258370,0.257526,0.258367,0.0033,16.513,3875698342
gcc,O3,sum_array,256,15,16384,0.224906,0.224676,0.225423,0.224490,0.225405,0.0041,57.576,4446307362
gcc,O3,sum_array,1024,15,4096,0.196277,0.196181,0.196482,0.196196,0.196448,0.0013,200.987,5094849158
gcc,O3,sum_array,4096,15,1024,0.200087,0.199958,0.200302,0.199983,0.200359,0.0019,819.557,4997824186
gcc,O3,sum_array,16384,15,256,0.202173,0.202040,0.202326,0.202043,0.202354,0.0015,3312.402,4946259029
gcc,O3,sum_array,65536,15,64,0.204087,0.202836,0.206607,0.203040,0.206513,0.0170,13375.078,4899859230
gcc,O3,sum_array,262144,15,16,0.253778,0.246860,0.260270,0.245423,0.261125,0.0619,66526.438,3940448487
gcc,O3,sum_array,1048576,15,4,0.579697,0.498672,0.614033,0.489879,0.614925,0.2157,607856.750,1725038013
gcc,O3,sum_array,4194304,15,1,0.718179,0.697776,0.749016,0.701636,0.757435,0.0777,3012263.000,1392409627
gcc,O3,sum_array_bis,64,15,65536,0.258217,0.257818,0.258335,0.257847,0.258348,0.0019,16.526,3872713843
gcc,O3,sum_array_bis,256,15,16384,0.224682,0.224381,0.225286,0.224454,0.225319,0.0039,57.519,4450728258
gcc,O3,sum_array_bis,1024,15,4096,0.196374,0.196193,0.196600,0.196235,0.196589,0.0018,201.087,5092331582
gcc,O3,sum_array_bis,4096,15,1024,0.200142,0.199959,0.200597,0.199966,0.200671,0.0035,819.780,4996460799
gcc,O3,sum_array_bis,16384,15,256,0.201909,0.201620,0.202069,0.201643,0.202092,0.0022,3308.082,4952718779
gcc,O3,sum_array_bis,65536,15,64,0.204049,0.202985,0.206420,0.203030,0.206576,0.0174,13372.578,4900775257
gcc,O3,sum_array_bis,262144,15,16,0.247398,0.238976,0.252754,0.238302,0.257466,0.0775,64853.938,4042067608
gcc,O3,sum_array_bis,1048576,15,4,0.546832,0.463485,0.591481,0.458944,0.611678,0.2793,573394.750,1828715732
gcc,O3,sum_array_bis,4194304,15,1,0.731460,0.714160,0.740950,0.714108,0.748658,0.0472,3067964.000,1367129471
gcc,O3,sum_array_twice,64,15,65536,0.487728,0.485585,0.489026,0.485191,0.488897,0.0076,31.215,2050323633
gcc,O3,sum_array_twice,256,15,16384,0.440746,0.438852,0.442092,0.438882,0.442813,0.0089,112.831,2268880134
gcc,O3,sum_array_twice,1024,15,4096,0.390381,0.389801,0.390987,0.389754,0.390977,0.0031,399.750,2561597872
gcc,O3,sum_array_twice,4096,15,1024,0.399710,0.399257,0.400057,0.399281,0.400121,0.0021,1637.211,2501815683
gcc,O3,sum_array_twice,16384,15,256,0.403184,0.402844,0.403417,0.402869,0.403502,0.0016,6605.762,2480259007
gcc,O3,sum_array_twice,65536,15,64,0.405488,0.404561,0.407459,0.404581,0.407822,0.0080,26574.047,2466165590
gcc,O3,sum_array_twice,262144,15,16,0.480014,0.466497,0.490082,0.464072,0.490064,0.0541,125832.688,2083274268
gcc,O3,sum_array_twice,1048576,15,4,0.933590,0.867416,1.069016,0.843940,1.113581,0.2888,978939.750,1071134357
gcc,O3,sum_array_twice,4194304,15,1,1.513162,1.499604,1.545995,1.500479,1.547894,0.0313,6346660.000,660867921
gcc,O3,sum_discarded,64,15,65536,0.025181,0.025066,0.025194,0.025068,0.025195,0.0050,1.612,39713146807
gcc,O3,sum_discarded,256,15,16384,0.006279,0.006277,0.006304,0.006277,0.006307,0.0048,1.608,159249145721
gcc,O3,sum_discarded,1024,15,4096,0.001581,0.001579,0.001585,0.001579,0.001585,0.0038,1.619,632625037707
gcc,O3,sum_discarded,4096,15,1024,0.000404,0.000403,0.000406,0.000403,0.000406,0.0083,1.656,2473056603774
gcc,O3,sum_discarded,16384,15,256,0.000109,0.000109,0.000111,0.000109,0.000111,0.0218,1.793,9137917211329
gcc,O3,sum_discarded,65536,15,64,0.000035,0.000035,0.000036,0.000035,0.000036,0.0270,2.312,28339891891892
gcc,O3,sum_discarded,262144,15,16,0.000017,0.000016,0.000017,0.000016,0.000018,0.0704,4.438,59074704225352
gcc,O3,sum_discarded,1048576,15,4,0.000012,0.000012,0.000013,0.000012,0.000013,0.0577,13.000,80659692307692
gcc,O3,sum_discarded,4194304,15,1,0.000011,0.000011,0.000012,0.000011,0.000012,0.0521,48.000,87381333333333
gcc,O3,sum_indices,64,15,65536,0.243359,0.243140,0.244778,0.243205,0.245062,0.0076,15.575,4109150083
gcc,O3,sum_indices,256,15,16384,0.296114,0.295842,0.296436,0.295788,0.296467,0.0023,75.805,3377078113
gcc,O3,sum_indices,1024,15,4096,0.376580,0.375506,0.377075,0.375644,0.377005,0.0036,385.618,2655476571
gcc,O3,sum_indices,4096,15,1024,0.400765,0.397813,0.400976,0.398794,0.401042,0.0056,1641.533,2495228237
gcc,O3,sum_indices,16384,15,256,0.408756,0.406032,0.408861,0.406653,0.408926,0.0056,6697.062,2446445736
gcc,O3,sum_indices,65536,15,64,0.411055,0.410688,0.411460,0.410776,0.411439,0.0016,26938.922,2432762540
gcc,O3,sum_indices,262144,15,16,0.411977,0.410721,0.412327,0.411200,0.412269,0.0026,107997.250,2427321066
gcc,O3,sum_indices,1048576,15,4,0.412237,0.410621,0.412379,0.411083,0.412432,0.0033,432261.500,2425790870
gcc,O3,sum_indices,4194304,15,1,0.412119,0.411482,0.412517,0.411009,0.412430,0.0034,1728554.000,2426481325
