run_id,core,cpu,seed,rounds,warmup_rounds,ops,file_mib,device_stat,journal_info
1,P,11,20260921,11,1,256,256,/sys/block/nvme0n1/stat,/proc/fs/jbd2/dm-0-8/info
2,P,11,20260921,11,1,256,256,/sys/block/nvme0n1/stat,/proc/fs/jbd2/dm-0-8/info
3,P,11,20260921,11,1,256,256,/sys/block/nvme0n1/stat,/proc/fs/jbd2/dm-0-8/info
4,P,11,20260921,11,1,256,256,/sys/block/nvme0n1/stat,/proc/fs/jbd2/dm-0-8/info
5,P,11,20260921,11,1,256,256,/sys/block/nvme0n1/stat,/proc/fs/jbd2/dm-0-8/info
6,P,11,20260921,11,1,256,256,/sys/block/nvme0n1/stat,/proc/fs/jbd2/dm-0-8/info
7,P,11,20260921,11,1,256,256,/sys/block/nvme0n1/stat,/proc/fs/jbd2/dm-0-8/info
8,P,11,20260921,11,1,256,256,/sys/block/nvme0n1/stat,/proc/fs/jbd2/dm-0-8/info
9,P,11,20260921,11,1,256,256,/sys/block/nvme0n1/stat,/proc/fs/jbd2/dm-0-8/info
10,P,11,20260921,11,1,256,256,/sys/block/nvme0n1/stat,/proc/fs/jbd2/dm-0-8/info
