run_id,core,seed,sample,round,phase,position,label,param,ops,units_per_op,elapsed_ns,deferred_ns,result,expected,resident_before,resident_after,file_pages,read_syscalls,write_syscalls,read_bytes,write_bytes,cancelled_write_bytes,device_reads,device_read_sectors,device_writes,device_write_sectors,device_flushes,journal_commits,deferred_device_writes,deferred_device_write_sectors,deferred_device_flushes,deferred_journal_commits,voluntary_switches,involuntary_switches,cpu_before,cpu_after
7,P,20260921,0,0,warmup,0,overwrite_fdatasync_folio,1,256,1,529070867,0,256,256,0,0,65536,2,256,0,268435456,0,0,0,513,2136,256,0,0,0,0,0,512,3,11,11
7,P,20260921,1,0,warmup,1,rand_read_cold,0,256,1,14909793,0,256,256,0,256,65536,258,0,1048576,0,0,256,2048,0,0,0,0,0,0,0,0,256,0,11,11
7,P,20260921,2,0,warmup,2,append_fdatasync,1,256,1,1815172176,0,256,256,0,0,65536,2,256,0,1048576,0,0,0,771,15152,257,257,0,0,0,0,513,0,11,11
7,P,20260921,3,0,warmup,3,seq_read_direct,0,2048,32,185531144,0,65536,65536,256,256,65536,2050,0,268435456,0,0,2048,524288,0,0,0,0,0,0,0,0,2048,1,11,11
7,P,20260921,4,0,warmup,4,overwrite_fsync,1,256,1,1780854303,0,256,256,0,0,65536,2,256,0,1048576,0,0,0,768,8336,256,256,0,0,0,0,512,1,11,11
7,P,20260921,5,0,warmup,5,append_fsync,256,1,256,9030589,0,256,256,0,0,65536,2,256,0,1048576,0,0,0,10,2088,1,1,0,0,0,0,4,0,11,11
7,P,20260921,6,0,warmup,6,overwrite_odsync_folio,1,256,1,551064995,0,256,256,0,0,65536,2,256,0,268435456,0,0,0,528,2296,261,3,0,0,0,0,510,1,11,11
7,P,20260921,7,0,warmup,7,tmpfs_append_fsync,1,256,1,618386,0,256,256,0,0,65536,2,256,0,0,0,0,0,0,0,0,0,0,0,0,0,0,0,11,11
7,P,20260921,8,0,warmup,8,append_fsync,1,256,1,1755677282,0,256,256,0,0,65536,2,256,0,1048576,0,0,0,770,15064,256,256,0,0,0,0,512,0,11,11
7,P,20260921,9,0,warmup,9,seq_read_warm,0,2048,32,46086548,0,65536,65536,65536,65536,65536,2050,0,0,0,0,0,0,0,0,0,0,0,0,0,0,0,1,11,11
7,P,20260921,10,0,warmup,10,overwrite_fdatasync_bis,1,256,1,525276995,0,256,256,0,0,65536,2,256,0,1048576,0,0,0,513,2064,256,0,0,0,0,0,512,3,11,11
7,P,20260921,11,0,warmup,11,append_fsync,64,4,64,30226491,0,256,256,0,0,65536,2,256,0,1048576,0,0,0,16,2208,4,4,0,0,0,0,25,0,11,11
7,P,20260921,12,0,warmup,12,append_fsync,4,64,4,461737343,0,256,256,0,0,65536,2,256,0,1048576,0,4,192,192,5440,64,64,0,0,0,0,128,0,11,11
7,P,20260921,13,0,warmup,13,rand_read_warm,0,256,1,387375,0,256,256,65536,65536,65536,258,0,0,0,0,0,0,0,0,0,0,0,0,0,0,0,0,11,11
7,P,20260921,14,0,warmup,14,rand_read_cold_bis,0,256,1,15365475,0,256,256,0,256,65536,258,0,1048576,0,0,256,2048,0,0,0,0,0,0,0,0,256,1,11,11
7,P,20260921,15,0,warmup,15,append_buffered,0,256,1,1558694,7450365,256,256,0,0,65536,2,256,0,1048576,0,0,0,0,0,0,0,10,2088,1,1,0,0,11,11
7,P,20260921,16,0,warmup,16,append_fsync,16,16,16,116513623,0,256,256,0,0,65536,2,256,0,1048576,0,0,0,48,2840,16,16,0,0,0,0,32,0,11,11
7,P,20260921,17,0,warmup,17,overwrite_odsync,1,256,1,537744302,0,256,256,0,0,65536,2,256,0,1048576,0,0,0,512,2048,256,0,0,0,0,0,512,2,11,11
7,P,20260921,18,0,warmup,18,overwrite_fdatasync,1,256,1,541665643,0,256,256,0,0,65536,2,256,0,1048576,0,0,0,798,19064,256,0,0,0,0,0,512,2,11,11
7,P,20260921,19,0,warmup,19,seq_read_cold,0,2048,32,99149617,0,65536,65536,0,65536,65536,2050,0,268435456,0,0,2048,524288,0,0,0,0,0,0,0,0,188,1,11,11
7,P,20260921,20,0,warmup,20,rand_read_direct_double,0,256,2,27461201,0,512,512,65536,65536,65536,514,0,2097152,0,0,512,4096,0,0,0,0,0,0,0,0,512,0,11,11
7,P,20260921,21,0,warmup,21,overwrite_fdatasync_double,1,256,2,1007124265,0,512,512,0,0,65536,2,512,0,2097152,0,1,128,1024,4096,512,0,0,0,0,0,1023,3,11,11
7,P,20260921,22,0,warmup,22,rand_read_direct,0,256,1,14095227,0,256,256,65536,65536,65536,258,0,1048576,0,0,256,2048,0,0,0,0,0,0,0,0,256,0,11,11
7,P,20260921,23,1,measure,0,append_fsync,4,64,4,446444870,0,256,256,0,0,65536,2,256,0,1048576,0,0,0,192,5128,64,64,0,0,0,0,128,0,11,11
7,P,20260921,24,1,measure,1,overwrite_fdatasync_bis,1,256,1,502258928,0,256,256,0,0,65536,2,256,0,1048576,0,0,0,512,2048,256,0,0,0,0,0,511,0,11,11
7,P,20260921,25,1,measure,2,overwrite_fdatasync_folio,1,256,1,496725140,0,256,256,0,0,65536,2,256,0,268435456,0,0,0,512,2048,256,0,0,0,0,0,512,1,11,11
7,P,20260921,26,1,measure,3,append_fdatasync,1,256,1,1808636777,0,256,256,0,0,65536,2,256,0,1048576,0,0,0,768,15096,256,256,0,0,0,0,512,0,11,11
7,P,20260921,27,1,measure,4,append_buffered,0,256,1,1248437,7351463,256,256,0,0,65536,2,256,0,1048576,0,0,0,0,0,0,0,10,2088,1,1,0,0,11,11
7,P,20260921,28,1,measure,5,rand_read_cold_bis,0,256,1,15353358,0,256,256,0,256,65536,258,0,1048576,0,0,256,2048,0,0,0,0,0,0,0,0,256,0,11,11
7,P,20260921,29,1,measure,6,overwrite_odsync,1,256,1,535158426,0,256,256,0,0,65536,2,256,0,1048576,0,0,0,512,2048,256,0,0,0,0,0,512,0,11,11
7,P,20260921,30,1,measure,7,seq_read_warm,0,2048,32,46073599,0,65536,65536,65536,65536,65536,2050,0,0,0,0,0,0,0,0,0,0,0,0,0,0,0,1,11,11
7,P,20260921,31,1,measure,8,tmpfs_append_fsync,1,256,1,523001,0,256,256,0,0,65536,2,256,0,0,0,0,0,0,0,0,0,0,0,0,0,0,0,11,11
7,P,20260921,32,1,measure,9,rand_read_cold,0,256,1,14913091,0,256,256,0,256,65536,258,0,1048576,0,0,256,2048,0,0,0,0,0,0,0,0,256,0,11,11
7,P,20260921,33,1,measure,10,overwrite_fdatasync_double,1,256,2,1051693641,0,512,512,0,0,65536,2,512,0,2097152,0,0,0,1037,6888,513,1,0,0,0,0,1023,6,11,11
7,P,20260921,34,1,measure,11,seq_read_cold,0,2048,32,99255625,0,65536,65536,0,65536,65536,2050,0,268435456,0,0,2048,524288,0,0,0,0,0,0,0,0,201,2,11,11
7,P,20260921,35,1,measure,12,rand_read_direct_double,0,256,2,27413140,0,512,512,65536,65536,65536,514,0,2097152,0,0,512,4096,0,0,0,0,0,0,0,0,512,0,11,11
7,P,20260921,36,1,measure,13,seq_read_direct,0,2048,32,168873712,0,65536,65536,65536,65536,65536,2050,0,268435456,0,0,2048,524288,14,128,7,0,0,0,0,0,2048,0,11,11
7,P,20260921,37,1,measure,14,overwrite_odsync_folio,1,256,1,504429455,0,256,256,0,0,65536,2,256,0,268435456,0,0,0,512,2048,256,0,0,0,0,0,512,2,11,11
7,P,20260921,38,1,measure,15,append_fsync,16,16,16,115506894,0,256,256,0,0,65536,2,256,0,1048576,0,0,0,48,2840,16,16,0,0,0,0,34,0,11,11
7,P,20260921,39,1,measure,16,rand_read_warm,0,256,1,316631,0,256,256,65536,65536,65536,258,0,0,0,0,0,0,0,0,0,0,0,0,0,0,0,0,11,11
7,P,20260921,40,1,measure,17,rand_read_direct,0,256,1,14148389,0,256,256,65536,65536,65536,258,0,1048576,0,0,256,2048,0,0,0,0,0,0,0,0,256,0,11,11
7,P,20260921,41,1,measure,18,append_fsync,256,1,256,8354185,0,256,256,0,0,65536,2,256,0,1048576,0,0,0,10,2088,1,1,0,0,0,0,2,0,11,11
7,P,20260921,42,1,measure,19,append_fsync,64,4,64,27197945,0,256,256,0,0,65536,2,256,0,1048576,0,0,0,16,2208,4,4,0,0,0,0,8,0,11,11
7,P,20260921,43,1,measure,20,overwrite_fsync,1,256,1,1786373942,0,256,256,0,0,65536,2,256,0,1048576,0,0,0,768,8424,256,256,0,0,0,0,510,0,11,11
7,P,20260921,44,1,measure,21,append_fsync,1,256,1,1802839681,0,256,256,0,0,65536,2,256,0,1048576,0,5,288,788,19944,256,256,0,0,0,0,512,1,11,11
7,P,20260921,45,1,measure,22,overwrite_fdatasync,1,256,1,535566371,0,256,256,0,0,65536,2,256,0,1048576,0,0,0,512,2048,256,0,0,0,0,0,511,2,11,11
7,P,20260921,46,2,measure,0,overwrite_fdatasync_double,1,256,2,1065906990,0,512,512,0,0,65536,2,512,0,2097152,0,0,0,1027,4312,513,1,0,0,0,0,1024,6,11,11
7,P,20260921,47,2,measure,1,overwrite_odsync,1,256,1,531503654,0,256,256,0,0,65536,2,256,0,1048576,0,0,0,619,3168,256,0,0,0,0,0,511,4,11,11
7,P,20260921,48,2,measure,2,rand_read_direct,0,256,1,14592117,0,256,256,65536,65536,65536,258,0,1048576,0,0,256,2048,0,0,0,0,0,0,0,0,256,0,11,11
7,P,20260921,49,2,measure,3,append_fsync,64,4,64,29945926,0,256,256,0,0,65536,2,256,0,1048576,0,0,0,16,2208,4,4,0,0,0,0,16,0,11,11
7,P,20260921,50,2,measure,4,overwrite_fdatasync,1,256,1,547869493,0,256,256,0,0,65536,2,256,0,1048576,0,0,0,512,2048,256,0,0,0,0,0,511,3,11,11
7,P,20260921,51,2,measure,5,overwrite_odsync_folio,1,256,1,547993842,0,256,256,0,0,65536,2,256,0,268435456,0,0,0,512,2048,256,0,0,0,0,0,511,5,11,11
7,P,20260921,52,2,measure,6,tmpfs_append_fsync,1,256,1,559898,0,256,256,0,0,65536,2,256,0,0,0,0,0,0,0,0,0,0,0,0,0,0,0,11,11
7,P,20260921,53,2,measure,7,overwrite_fdatasync_folio,1,256,1,554255748,0,256,256,0,0,65536,2,256,0,268435456,0,0,0,512,2048,256,0,0,0,0,0,511,3,11,11
7,P,20260921,54,2,measure,8,overwrite_fsync,1,256,1,1814947451,0,256,256,0,0,65536,2,256,0,1048576,0,0,0,800,11816,256,256,0,0,0,0,512,0,11,11
7,P,20260921,55,2,measure,9,rand_read_warm,0,256,1,360084,0,256,256,65536,65536,65536,258,0,0,0,0,0,0,0,0,0,0,0,0,0,0,0,0,11,11
7,P,20260921,56,2,measure,10,rand_read_cold,0,256,1,15383666,0,256,256,0,256,65536,258,0,1048576,0,0,256,2048,0,0,0,0,0,0,0,0,256,0,11,11
7,P,20260921,57,2,measure,11,seq_read_direct,0,2048,32,184747226,0,65536,65536,256,256,65536,2050,0,268435456,0,0,2048,524288,0,0,0,0,0,0,0,0,2048,1,11,11
7,P,20260921,58,2,measure,12,seq_read_warm,0,2048,32,46905514,0,65536,65536,65536,65536,65536,2050,0,0,0,0,0,0,0,0,0,0,0,0,0,0,0,0,11,11
7,P,20260921,59,2,measure,13,append_fsync,4,64,4,447668604,0,256,256,0,0,65536,2,256,0,1048576,0,0,0,192,5152,64,64,0,0,0,0,128,0,11,11
7,P,20260921,60,2,measure,14,append_fsync,256,1,256,8249985,0,256,256,0,0,65536,2,256,0,1048576,0,0,0,10,2088,1,1,0,0,0,0,2,0,11,11
7,P,20260921,61,2,measure,15,append_fdatasync,1,256,1,1813198445,0,256,256,0,0,65536,2,256,4096,1048576,0,1,8,794,15544,263,259,0,0,0,0,516,0,11,11
7,P,20260921,62,2,measure,16,overwrite_fdatasync_bis,1,256,1,552076701,0,256,256,0,0,65536,2,256,0,1048576,0,0,0,512,2048,256,0,0,0,0,0,512,4,11,11
7,P,20260921,63,2,measure,17,append_fsync,1,256,1,1812721519,0,256,256,0,0,65536,2,256,8192,1048576,0,7,160,792,19448,257,257,0,0,0,0,515,1,11,11
7,P,20260921,64,2,measure,18,append_buffered,0,256,1,1821093,7105815,256,256,0,0,65536,2,256,0,1048576,0,0,0,0,0,0,0,10,2088,1,1,0,0,11,11
7,P,20260921,65,2,measure,19,append_fsync,16,16,16,114456679,0,256,256,0,0,65536,2,256,0,1048576,0,0,0,48,2840,16,16,0,0,0,0,32,0,11,11
7,P,20260921,66,2,measure,20,rand_read_cold_bis,0,256,1,15469496,0,256,256,0,256,65536,258,0,1048576,0,0,256,2048,0,0,0,0,0,0,0,0,256,0,11,11
7,P,20260921,67,2,measure,21,seq_read_cold,0,2048,32,96953112,0,65536,65536,0,65536,65536,2050,0,268435456,0,0,2048,524288,0,0,0,0,0,0,0,0,217,1,11,11
7,P,20260921,68,2,measure,22,rand_read_direct_double,0,256,2,27288645,0,512,512,65536,65536,65536,514,0,2097152,0,0,512,4096,0,0,0,0,0,0,0,0,512,0,11,11
7,P,20260921,69,3,measure,0,seq_read_cold,0,2048,32,89498541,0,65536,65536,0,65536,65536,2050,0,268435456,0,0,2048,524288,0,0,0,0,0,0,0,0,277,1,11,11
7,P,20260921,70,3,measure,1,rand_read_direct_double,0,256,2,27073746,0,512,512,65536,65536,65536,514,0,2097152,0,0,512,4096,0,0,0,0,0,0,0,0,512,0,11,11
7,P,20260921,71,3,measure,2,tmpfs_append_fsync,1,256,1,447338,0,256,256,0,0,65536,2,256,0,0,0,0,0,0,0,0,0,0,0,0,0,0,0,11,11
7,P,20260921,72,3,measure,3,rand_read_direct,0,256,1,13631835,0,256,256,65536,65536,65536,258,0,1048576,0,0,256,2048,0,0,0,0,0,0,0,0,256,0,11,11
7,P,20260921,73,3,measure,4,append_fsync,4,64,4,443998272,0,256,256,0,0,65536,2,256,0,1048576,0,0,0,192,5264,64,64,0,0,0,0,128,0,11,11
7,P,20260921,74,3,measure,5,append_fsync,16,16,16,113166160,0,256,256,0,0,65536,2,256,0,1048576,0,0,0,48,2920,16,16,0,0,0,0,32,0,11,11
7,P,20260921,75,3,measure,6,seq_read_warm,0,2048,32,53555003,0,65536,65536,65536,65536,65536,2050,0,0,0,0,0,0,0,0,0,0,0,0,0,0,0,1,11,11
7,P,20260921,76,3,measure,7,append_fsync,64,4,64,30727238,0,256,256,0,0,65536,2,256,8192,1048576,0,2,16,16,2208,4,4,0,0,0,0,17,0,11,11
7,P,20260921,77,3,measure,8,append_buffered,0,256,1,1064118,7172135,256,256,0,0,65536,2,256,0,1048576,0,0,0,0,0,0,0,10,2088,1,1,0,0,11,11
7,P,20260921,78,3,measure,9,rand_read_warm,0,256,1,326658,0,256,256,65536,65536,65536,258,0,0,0,0,0,0,0,0,0,0,0,0,0,0,0,0,11,11
7,P,20260921,79,3,measure,10,append_fsync,1,256,1,1832026040,0,256,256,0,0,65536,2,256,4096,1048576,0,1,8,768,14384,256,256,0,0,0,0,513,0,11,11
7,P,20260921,80,3,measure,11,rand_read_cold,0,256,1,15299025,0,256,256,0,256,65536,258,0,1048576,0,0,256,2048,0,0,0,0,0,0,0,0,256,0,11,11
7,P,20260921,81,3,measure,12,overwrite_fdatasync,1,256,1,470164382,0,256,256,0,0,65536,2,256,0,1048576,0,0,0,522,2200,260,2,0,0,0,0,512,1,11,11
7,P,20260921,82,3,measure,13,overwrite_fdatasync_double,1,256,2,995256186,0,512,512,0,0,65536,2,512,0,2097152,0,3,432,1045,5208,519,6,0,0,0,0,1024,2,11,11
7,P,20260921,83,3,measure,14,overwrite_odsync_folio,1,256,1,514066360,0,256,256,0,0,65536,2,256,0,268435456,0,4,64,512,2048,256,0,0,0,0,0,511,0,11,11
7,P,20260921,84,3,measure,15,rand_read_cold_bis,0,256,1,15060838,0,256,256,0,256,65536,258,0,1048576,0,0,256,2048,0,0,0,0,0,0,0,0,256,0,11,11
7,P,20260921,85,3,measure,16,overwrite_fsync,1,256,1,1789824709,0,256,256,0,0,65536,2,256,0,1048576,0,0,0,768,8552,256,256,0,0,0,0,511,0,11,11
7,P,20260921,86,3,measure,17,overwrite_fdatasync_bis,1,256,1,554276667,0,256,256,0,0,65536,2,256,0,1048576,0,0,0,512,2048,256,0,0,0,0,0,512,2,11,11
7,P,20260921,87,3,measure,18,overwrite_odsync,1,256,1,540645565,0,256,256,0,0,65536,2,256,0,1048576,0,0,0,512,2048,256,0,0,0,0,0,510,3,11,11
7,P,20260921,88,3,measure,19,append_fdatasync,1,256,1,1783647657,0,256,256,0,0,65536,2,256,4096,1048576,0,1,8,1074,33648,256,256,0,0,0,0,513,0,11,11
7,P,20260921,89,3,measure,20,overwrite_fdatasync_folio,1,256,1,555433656,0,256,256,0,0,65536,2,256,0,268435456,0,0,0,512,2048,256,0,0,0,0,0,512,1,11,11
7,P,20260921,90,3,measure,21,append_fsync,256,1,256,8590306,0,256,256,0,0,65536,2,256,4096,1048576,0,1,8,10,2088,1,1,0,0,0,0,6,0,11,11
7,P,20260921,91,3,measure,22,seq_read_direct,0,2048,32,185830538,0,65536,65536,256,256,65536,2050,0,268435456,0,0,2048,524288,0,0,0,0,0,0,0,0,2048,0,11,11
7,P,20260921,92,4,measure,0,overwrite_odsync_folio,1,256,1,507238373,0,256,256,0,0,65536,2,256,0,268435456,0,0,0,512,2048,256,0,0,0,0,0,512,0,11,11
7,P,20260921,93,4,measure,1,overwrite_fdatasync_folio,1,256,1,539220358,0,256,256,0,0,65536,2,256,0,268435456,0,0,0,512,2048,256,0,0,0,0,0,511,3,11,11
7,P,20260921,94,4,measure,2,rand_read_warm,0,256,1,397986,0,256,256,65536,65536,65536,258,0,0,0,0,0,0,0,0,0,0,0,0,0,0,0,0,11,11
7,P,20260921,95,4,measure,3,overwrite_fdatasync_bis,1,256,1,531415076,0,256,256,0,0,65536,2,256,0,1048576,0,0,0,512,2048,256,0,0,0,0,0,512,1,11,11
7,P,20260921,96,4,measure,4,append_fsync,1,256,1,1854916520,0,256,256,0,0,65536,2,256,0,1048576,0,0,0,798,18688,263,263,0,0,0,0,519,1,11,11
7,P,20260921,97,4,measure,5,overwrite_fdatasync_double,1,256,2,1077652760,0,512,512,0,0,65536,2,512,0,2097152,0,0,0,1027,4120,512,0,0,0,0,0,1022,0,11,11
7,P,20260921,98,4,measure,6,overwrite_odsync,1,256,1,542073626,0,256,256,0,0,65536,2,256,0,1048576,0,0,0,512,2048,256,0,0,0,0,0,512,2,11,11
7,P,20260921,99,4,measure,7,append_fsync,64,4,64,30612283,0,256,256,0,0,65536,2,256,0,1048576,0,0,0,16,2232,4,4,0,0,0,0,13,0,11,11
7,P,20260921,100,4,measure,8,rand_read_direct_double,0,256,2,28862691,0,512,512,65536,65536,65536,514,0,2097152,0,0,512,4096,0,0,0,0,0,0,0,0,512,0,11,11
7,P,20260921,101,4,measure,9,tmpfs_append_fsync,1,256,1,626772,0,256,256,0,0,65536,2,256,0,0,0,0,0,0,0,0,0,0,0,0,0,0,0,11,11
7,P,20260921,102,4,measure,10,rand_read_cold_bis,0,256,1,15283305,0,256,256,0,256,65536,258,0,1048576,0,0,256,2048,0,0,0,0,0,0,0,0,256,0,11,11
7,P,20260921,103,4,measure,11,seq_read_direct,0,2048,32,182200790,0,65536,65536,256,256,65536,2050,0,268435456,0,0,2048,524288,1,8,0,0,0,0,0,0,2048,1,11,11
7,P,20260921,104,4,measure,12,append_fsync,16,16,16,114270100,0,256,256,0,0,65536,2,256,0,1048576,0,0,0,48,2840,16,16,0,0,0,0,40,0,11,11
7,P,20260921,105,4,measure,13,append_buffered,0,256,1,1394173,7291828,256,256,0,0,65536,2,256,0,1048576,0,0,0,0,0,0,0,10,2088,1,1,0,0,11,11
7,P,20260921,106,4,measure,14,seq_read_warm,0,2048,32,43535201,0,65536,65536,65536,65536,65536,2050,0,0,0,0,0,0,0,0,0,0,0,0,0,0,0,0,11,11
7,P,20260921,107,4,measure,15,append_fdatasync,1,256,1,1799397300,0,256,256,0,0,65536,2,256,0,1048576,0,0,0,768,14840,256,256,0,0,0,0,512,0,11,11
7,P,20260921,108,4,measure,16,seq_read_cold,0,2048,32,99847748,0,65536,65536,0,65536,65536,2050,0,268435456,0,0,2048,524288,0,0,0,0,0,0,0,0,202,5,11,11
7,P,20260921,109,4,measure,17,append_fsync,256,1,256,8731735,0,256,256,0,0,65536,2,256,0,1048576,0,0,0,10,2088,1,1,0,0,0,0,23,0,11,11
7,P,20260921,110,4,measure,18,overwrite_fsync,1,256,1,1793841140,0,256,256,0,0,65536,2,256,0,1048576,0,0,0,768,8352,256,256,0,0,0,0,512,0,11,11
7,P,20260921,111,4,measure,19,rand_read_cold,0,256,1,15382243,0,256,256,0,256,65536,258,0,1048576,0,0,256,2048,0,0,0,0,0,0,0,0,256,0,11,11
7,P,20260921,112,4,measure,20,append_fsync,4,64,4,450277763,0,256,256,0,0,65536,2,256,0,1048576,0,0,0,192,5392,64,64,0,0,0,0,128,0,11,11
7,P,20260921,113,4,measure,21,rand_read_direct,0,256,1,14260068,0,256,256,256,256,65536,258,0,1048576,0,0,256,2048,0,0,0,0,0,0,0,0,256,0,11,11
7,P,20260921,114,4,measure,22,overwrite_fdatasync,1,256,1,542162422,0,256,256,0,0,65536,2,256,0,1048576,0,0,0,641,3344,256,0,0,0,0,0,512,3,11,11
7,P,20260921,115,5,measure,0,overwrite_fdatasync,1,256,1,549945161,0,256,256,0,0,65536,2,256,0,1048576,0,0,0,512,2048,256,0,0,0,0,0,510,2,11,11
7,P,20260921,116,5,measure,1,append_fsync,16,16,16,114655622,0,256,256,0,0,65536,2,256,0,1048576,0,0,0,48,2840,16,16,0,0,0,0,32,0,11,11
7,P,20260921,117,5,measure,2,overwrite_odsync,1,256,1,535007010,0,256,256,0,0,65536,2,256,0,1048576,0,0,0,512,2048,256,0,0,0,0,0,512,1,11,11
7,P,20260921,118,5,measure,3,seq_read_direct,0,2048,32,185220707,0,65536,65536,256,256,65536,2050,0,268435456,0,0,2048,524288,0,0,0,0,0,0,0,0,2048,0,11,11
7,P,20260921,119,5,measure,4,overwrite_fdatasync_folio,1,256,1,481180223,0,256,256,0,0,65536,2,256,0,268435456,0,0,0,512,2048,256,0,0,0,0,0,512,1,11,11
7,P,20260921,120,5,measure,5,append_fdatasync,1,256,1,1804602847,0,256,256,0,0,65536,2,256,0,1048576,0,0,0,803,18000,256,256,0,0,0,0,512,0,11,11
7,P,20260921,121,5,measure,6,overwrite_fdatasync_double,1,256,2,1091651225,0,512,512,0,0,65536,2,512,0,2097152,0,0,0,1024,4096,512,0,0,0,0,0,1023,2,11,11
7,P,20260921,122,5,measure,7,overwrite_odsync_folio,1,256,1,547484226,0,256,256,0,0,65536,2,256,0,268435456,0,0,0,512,2048,256,0,0,0,0,0,510,1,11,11
7,P,20260921,123,5,measure,8,rand_read_direct_double,0,256,2,28154311,0,512,512,256,256,65536,514,0,2097152,0,0,512,4096,0,0,0,0,0,0,0,0,512,0,11,11
7,P,20260921,124,5,measure,9,tmpfs_append_fsync,1,256,1,565206,0,256,256,0,0,65536,2,256,0,0,0,0,0,0,0,0,0,0,0,0,0,0,0,11,11
7,P,20260921,125,5,measure,10,append_fsync,256,1,256,8008721,0,256,256,0,0,65536,2,256,0,1048576,0,0,0,10,2088,1,1,0,0,0,0,24,0,11,11
7,P,20260921,126,5,measure,11,seq_read_cold,0,2048,32,97874229,0,65536,65536,0,65536,65536,2050,0,268435456,0,0,2048,524288,0,0,0,0,0,0,0,0,206,4,11,11
7,P,20260921,127,5,measure,12,append_fsync,64,4,64,28858844,0,256,256,0,0,65536,2,256,0,1048576,0,0,0,16,2208,4,4,0,0,0,0,14,0,11,11
7,P,20260921,128,5,measure,13,overwrite_fdatasync_bis,1,256,1,545265167,0,256,256,0,0,65536,2,256,0,1048576,0,0,0,512,2048,256,0,0,0,0,0,511,3,11,11
7,P,20260921,129,5,measure,14,append_buffered,0,256,1,1084435,7409296,256,256,0,0,65536,2,256,0,1048576,0,0,0,0,0,0,0,10,2088,1,1,0,0,11,11
7,P,20260921,130,5,measure,15,rand_read_cold_bis,0,256,1,15284711,0,256,256,0,256,65536,258,0,1048576,0,0,256,2048,0,0,0,0,0,0,0,0,256,0,11,11
7,P,20260921,131,5,measure,16,seq_read_warm,0,2048,32,45525495,0,65536,65536,65536,65536,65536,2050,0,0,0,0,0,0,0,0,0,0,0,0,0,0,0,0,11,11
7,P,20260921,132,5,measure,17,overwrite_fsync,1,256,1,1804908037,0,256,256,0,0,65536,2,256,0,1048576,0,0,0,782,11232,257,257,0,0,0,0,513,1,11,11
7,P,20260921,133,5,measure,18,append_fsync,4,64,4,434084567,0,256,256,0,0,65536,2,256,0,1048576,0,0,0,198,5576,65,65,0,0,0,0,129,0,11,11
7,P,20260921,134,5,measure,19,rand_read_cold,0,256,1,15752286,0,256,256,0,256,65536,258,0,1048576,0,0,256,2048,0,0,0,0,0,0,0,0,256,0,11,11
7,P,20260921,135,5,measure,20,append_fsync,1,256,1,1817932654,0,256,256,0,0,65536,2,256,0,1048576,0,0,0,768,15136,256,256,0,0,0,0,512,0,11,11
7,P,20260921,136,5,measure,21,rand_read_direct,0,256,1,14201475,0,256,256,256,256,65536,258,0,1048576,0,0,256,2048,0,0,0,0,0,0,0,0,256,0,11,11
7,P,20260921,137,5,measure,22,rand_read_warm,0,256,1,375993,0,256,256,65536,65536,65536,258,0,0,0,0,0,0,0,0,0,0,0,0,0,0,0,0,11,11
7,P,20260921,138,6,measure,0,append_fsync,4,64,4,457587697,0,256,256,0,0,65536,2,256,0,1048576,0,0,0,192,5240,64,64,0,0,0,0,128,0,11,11
7,P,20260921,139,6,measure,1,overwrite_odsync,1,256,1,520600792,0,256,256,0,0,65536,2,256,0,1048576,0,0,0,524,2224,260,2,0,0,0,0,513,1,11,11
7,P,20260921,140,6,measure,2,append_buffered,0,256,1,1232712,7101331,256,256,0,0,65536,2,256,0,1048576,0,0,0,0,0,0,0,10,2088,1,1,0,0,11,11
7,P,20260921,141,6,measure,3,append_fsync,256,1,256,8600433,0,256,256,0,0,65536,2,256,0,1048576,0,0,0,10,2088,1,1,0,0,0,0,25,0,11,11
7,P,20260921,142,6,measure,4,overwrite_fsync,1,256,1,1807827080,0,256,256,0,0,65536,2,256,0,1048576,0,0,0,781,8416,260,258,0,0,0,0,514,0,11,11
7,P,20260921,143,6,measure,5,overwrite_fdatasync_folio,1,256,1,561975395,0,256,256,0,0,65536,2,256,0,268435456,0,0,0,512,2048,256,0,0,0,0,0,511,2,11,11
7,P,20260921,144,6,measure,6,append_fsync,1,256,1,1822180532,0,256,256,0,0,65536,2,256,0,1048576,0,0,0,768,15056,256,256,0,0,0,0,512,0,11,11
7,P,20260921,145,6,measure,7,overwrite_fdatasync_bis,1,256,1,526755738,0,256,256,0,0,65536,2,256,0,1048576,0,0,0,512,2048,256,0,0,0,0,0,512,2,11,11
7,P,20260921,146,6,measure,8,rand_read_cold_bis,0,256,1,15532150,0,256,256,0,256,65536,258,0,1048576,0,0,256,2048,0,0,0,0,0,0,0,0,256,0,11,11
7,P,20260921,147,6,measure,9,rand_read_cold,0,256,1,14880929,0,256,256,0,256,65536,258,0,1048576,0,0,256,2048,0,0,0,0,0,0,0,0,256,0,11,11
7,P,20260921,148,6,measure,10,append_fdatasync,1,256,1,1786515091,0,256,256,0,0,65536,2,256,0,1048576,0,1,8,1050,32376,256,256,0,0,0,0,512,0,11,11
7,P,20260921,149,6,measure,11,seq_read_warm,0,2048,32,45841607,0,65536,65536,65536,65536,65536,2050,0,0,0,0,0,0,0,0,0,0,0,0,0,0,0,1,11,11
7,P,20260921,150,6,measure,12,rand_read_direct,0,256,1,14073039,0,256,256,65536,65536,65536,258,0,1048576,0,0,256,2048,0,0,0,0,0,0,0,0,256,0,11,11
7,P,20260921,151,6,measure,13,rand_read_direct_double,0,256,2,28132633,0,512,512,65536,65536,65536,514,0,2097152,0,0,512,4096,0,0,0,0,0,0,0,0,512,0,11,11
7,P,20260921,152,6,measure,14,rand_read_warm,0,256,1,303247,0,256,256,65536,65536,65536,258,0,0,0,0,0,0,0,0,0,0,0,0,0,0,0,0,11,11
7,P,20260921,153,6,measure,15,append_fsync,16,16,16,116324929,0,256,256,0,0,65536,2,256,0,1048576,0,0,0,48,2856,16,16,0,0,0,0,32,0,11,11
7,P,20260921,154,6,measure,16,overwrite_fdatasync_double,1,256,2,1092113523,0,512,512,0,0,65536,2,512,0,2097152,0,0,0,1024,4096,512,0,0,0,0,0,1023,0,11,11
7,P,20260921,155,6,measure,17,seq_read_cold,0,2048,32,98454211,0,65536,65536,0,65536,65536,2050,0,268435456,0,0,2048,524288,0,0,0,0,0,0,0,0,203,5,11,11
7,P,20260921,156,6,measure,18,append_fsync,64,4,64,29781203,0,256,256,0,0,65536,2,256,0,1048576,0,0,0,16,2208,4,4,0,0,0,0,11,0,11,11
7,P,20260921,157,6,measure,19,overwrite_odsync_folio,1,256,1,571782388,0,256,256,0,0,65536,2,256,0,268435456,0,0,0,512,2048,256,0,0,0,0,0,511,1,11,11
7,P,20260921,158,6,measure,20,tmpfs_append_fsync,1,256,1,555312,0,256,256,0,0,65536,2,256,0,0,0,0,0,0,0,0,0,0,0,0,0,0,0,11,11
7,P,20260921,159,6,measure,21,overwrite_fdatasync,1,256,1,540790457,0,256,256,0,0,65536,2,256,0,1048576,0,0,0,512,2048,256,0,0,0,0,0,511,1,11,11
7,P,20260921,160,6,measure,22,seq_read_direct,0,2048,32,200882452,0,65536,65536,65536,65536,65536,2050,0,268435456,0,0,2048,524288,15,544,6,6,0,0,0,0,2048,2,11,11
7,P,20260921,161,7,measure,0,tmpfs_append_fsync,1,256,1,531633,0,256,256,0,0,65536,2,256,0,0,0,0,0,0,0,0,0,0,0,0,0,0,0,11,11
7,P,20260921,162,7,measure,1,seq_read_cold,0,2048,32,88489308,0,65536,65536,0,65536,65536,2050,0,268435456,0,0,2048,524288,0,0,0,0,0,0,0,0,364,2,11,11
7,P,20260921,163,7,measure,2,rand_read_cold_bis,0,256,1,15267642,0,256,256,0,256,65536,258,0,1048576,0,0,256,2048,1,8,0,1,0,0,0,0,256,0,11,11
7,P,20260921,164,7,measure,3,overwrite_fdatasync_folio,1,256,1,520409437,0,256,256,0,0,65536,2,256,0,268435456,0,0,0,512,2048,256,0,0,0,0,0,512,2,11,11
7,P,20260921,165,7,measure,4,overwrite_fdatasync,1,256,1,534807430,0,256,256,0,0,65536,2,256,0,1048576,0,0,0,512,2048,256,0,0,0,0,0,512,1,11,11
7,P,20260921,166,7,measure,5,overwrite_fdatasync_double,1,256,2,1087472193,0,512,512,0,0,65536,2,512,0,2097152,0,0,0,1025,4184,512,0,0,0,0,0,1021,3,11,11
7,P,20260921,167,7,measure,6,overwrite_odsync_folio,1,256,1,542086876,0,256,256,0,0,65536,2,256,0,268435456,0,0,0,512,2048,256,0,0,0,0,0,512,1,11,11
7,P,20260921,168,7,measure,7,rand_read_direct_double,0,256,2,28694758,0,512,512,256,256,65536,514,0,2097152,0,0,512,4096,21,4992,0,0,0,0,0,0,512,0,11,11
7,P,20260921,169,7,measure,8,overwrite_odsync,1,256,1,521454436,0,256,256,0,0,65536,2,256,0,1048576,0,0,0,513,2056,256,0,0,0,0,0,511,0,11,11
7,P,20260921,170,7,measure,9,seq_read_warm,0,2048,32,45942408,0,65536,65536,65536,65536,65536,2050,0,0,0,0,0,0,0,0,0,0,0,0,0,0,0,1,11,11
7,P,20260921,171,7,measure,10,append_fsync,1,256,1,1841079778,0,256,256,0,0,65536,2,256,0,1048576,0,0,0,768,14944,256,256,0,0,0,0,512,0,11,11
7,P,20260921,172,7,measure,11,append_fsync,16,16,16,113783391,0,256,256,0,0,65536,2,256,0,1048576,0,0,0,48,2840,16,16,0,0,0,0,32,0,11,11
7,P,20260921,173,7,measure,12,append_fdatasync,1,256,1,1890536814,0,256,256,0,0,65536,2,256,0,1048576,0,0,0,771,15192,257,257,0,0,0,0,513,0,11,11
7,P,20260921,174,7,measure,13,append_buffered,0,256,1,1099493,6999779,256,256,0,0,65536,2,256,0,1048576,0,0,0,0,0,0,0,10,2088,1,1,0,0,11,11
7,P,20260921,175,7,measure,14,append_fsync,256,1,256,8136047,0,256,256,0,0,65536,2,256,0,1048576,0,0,0,10,2088,1,1,0,0,0,0,26,0,11,11
7,P,20260921,176,7,measure,15,seq_read_direct,0,2048,32,181593336,0,65536,65536,65536,65536,65536,2050,0,268435456,0,0,2048,524288,0,0,0,0,0,0,0,0,2048,0,11,11
7,P,20260921,177,7,measure,16,append_fsync,4,64,4,424173783,0,256,256,0,0,65536,2,256,0,1048576,0,0,0,192,5240,64,64,0,0,0,0,128,0,11,11
7,P,20260921,178,7,measure,17,rand_read_direct,0,256,1,14209085,0,256,256,65536,65536,65536,258,0,1048576,0,0,256,2048,0,0,0,0,0,0,0,0,256,0,11,11
7,P,20260921,179,7,measure,18,overwrite_fdatasync_bis,1,256,1,550726795,0,256,256,0,0,65536,2,256,0,1048576,0,0,0,513,2072,256,0,0,0,0,0,512,3,11,11
7,P,20260921,180,7,measure,19,append_fsync,64,4,64,30407882,0,256,256,0,0,65536,2,256,0,1048576,0,0,0,16,2208,4,4,0,0,0,0,11,0,11,11
7,P,20260921,181,7,measure,20,rand_read_warm,0,256,1,370452,0,256,256,65536,65536,65536,258,0,0,0,0,0,0,0,0,0,0,0,0,0,0,0,0,11,11
7,P,20260921,182,7,measure,21,rand_read_cold,0,256,1,15245235,0,256,256,0,256,65536,258,0,1048576,0,0,256,2048,0,0,0,0,0,0,0,0,256,0,11,11
7,P,20260921,183,7,measure,22,overwrite_fsync,1,256,1,1788392625,0,256,256,0,0,65536,2,256,0,1048576,0,0,0,768,8200,256,256,0,0,0,0,512,0,11,11
7,P,20260921,184,8,measure,0,tmpfs_append_fsync,1,256,1,583697,0,256,256,0,0,65536,2,256,0,0,0,0,0,0,0,0,0,0,0,0,0,0,0,11,11
7,P,20260921,185,8,measure,1,rand_read_cold_bis,0,256,1,15190624,0,256,256,0,256,65536,258,0,1048576,0,0,256,2048,0,0,0,0,0,0,0,0,256,0,11,11
7,P,20260921,186,8,measure,2,append_fsync,4,64,4,461585540,0,256,256,0,0,65536,2,256,0,1048576,0,0,0,192,5248,64,64,0,0,0,0,128,0,11,11
7,P,20260921,187,8,measure,3,append_fsync,256,1,256,8515063,0,256,256,0,0,65536,2,256,0,1048576,0,0,0,10,2088,1,1,0,0,0,0,2,0,11,11
7,P,20260921,188,8,measure,4,append_fsync,16,16,16,117987723,0,256,256,0,0,65536,2,256,0,1048576,0,0,0,48,2840,16,16,0,0,0,0,32,0,11,11
7,P,20260921,189,8,measure,5,overwrite_fdatasync_bis,1,256,1,535410046,0,256,256,0,0,65536,2,256,0,1048576,0,0,0,547,5672,256,0,0,0,0,0,511,3,11,11
7,P,20260921,190,8,measure,6,append_fdatasync,1,256,1,1816623870,0,256,256,0,0,65536,2,256,0,1048576,0,0,0,788,15456,259,257,0,0,0,0,513,0,11,11
7,P,20260921,191,8,measure,7,seq_read_direct,0,2048,32,185438507,0,65536,65536,256,256,65536,2050,0,268435456,0,0,2048,524288,125,1272,0,0,0,0,0,0,2048,1,11,11
7,P,20260921,192,8,measure,8,rand_read_warm,0,256,1,331796,0,256,256,65536,65536,65536,258,0,0,0,0,0,0,0,0,0,0,0,0,0,0,0,0,11,11
7,P,20260921,193,8,measure,9,overwrite_fdatasync_double,1,256,2,1030325924,0,512,512,0,0,65536,2,512,0,2097152,0,0,0,1024,4096,512,0,0,0,0,0,1024,2,11,11
7,P,20260921,194,8,measure,10,rand_read_direct,0,256,1,14236512,0,256,256,65536,65536,65536,258,0,1048576,0,0,256,2048,0,0,0,0,0,0,0,0,256,0,11,11
7,P,20260921,195,8,measure,11,overwrite_odsync,1,256,1,506261765,0,256,256,0,0,65536,2,256,0,1048576,0,0,0,512,2048,256,0,0,0,0,0,512,1,11,11
7,P,20260921,196,8,measure,12,overwrite_odsync_folio,1,256,1,512334705,0,256,256,0,0,65536,2,256,0,268435456,0,0,0,512,2048,256,0,0,0,0,0,511,2,11,11
7,P,20260921,197,8,measure,13,overwrite_fdatasync,1,256,1,469654133,0,256,256,0,0,65536,2,256,0,1048576,0,0,0,512,2048,256,0,0,0,0,0,512,0,11,11
7,P,20260921,198,8,measure,14,overwrite_fdatasync_folio,1,256,1,490724051,0,256,256,0,0,65536,2,256,0,268435456,0,0,0,516,2288,256,0,0,0,0,0,512,0,11,11
7,P,20260921,199,8,measure,15,append_fsync,64,4,64,28109899,0,256,256,0,0,65536,2,256,0,1048576,0,0,0,16,2216,4,4,0,0,0,0,31,0,11,11
7,P,20260921,200,8,measure,16,rand_read_cold,0,256,1,15599053,0,256,256,0,256,65536,258,0,1048576,0,0,256,2048,0,0,0,0,0,0,0,0,256,0,11,11
7,P,20260921,201,8,measure,17,seq_read_cold,0,2048,32,97975469,0,65536,65536,0,65536,65536,2050,0,268435456,0,0,2048,524288,0,0,0,0,0,0,0,0,207,2,11,11
7,P,20260921,202,8,measure,18,overwrite_fsync,1,256,1,1693405246,0,256,256,0,0,65536,2,256,0,1048576,0,4,120,768,8664,256,256,0,0,0,0,512,0,11,11
7,P,20260921,203,8,measure,19,seq_read_warm,0,2048,32,50502754,0,65536,65536,65536,65536,65536,2050,0,0,0,0,0,0,0,0,0,0,0,0,0,0,0,3,11,11
7,P,20260921,204,8,measure,20,append_buffered,0,256,1,975968,7196915,256,256,0,0,65536,2,256,0,1048576,0,0,0,0,0,0,0,10,2088,1,1,0,0,11,11
7,P,20260921,205,8,measure,21,append_fsync,1,256,1,1749789754,0,256,256,0,0,65536,2,256,0,1048576,0,4,144,782,15328,260,258,0,0,0,0,514,0,11,11
7,P,20260921,206,8,measure,22,rand_read_direct_double,0,256,2,35228382,0,512,512,65536,65536,65536,514,0,2097152,0,0,512,4096,0,0,0,0,0,0,0,0,512,0,11,11
7,P,20260921,207,9,measure,0,overwrite_odsync,1,256,1,483648285,0,256,256,0,0,65536,2,256,0,1048576,0,0,0,515,2184,257,1,0,0,0,0,512,1,11,11
7,P,20260921,208,9,measure,1,overwrite_fdatasync_bis,1,256,1,481748082,0,256,256,0,0,65536,2,256,0,1048576,0,0,0,512,2048,256,0,0,0,0,0,512,0,11,11
7,P,20260921,209,9,measure,2,rand_read_direct,0,256,1,14210784,0,256,256,65536,65536,65536,258,0,1048576,0,0,256,2048,0,0,0,0,0,0,0,0,256,0,11,11
7,P,20260921,210,9,measure,3,seq_read_direct,0,2048,32,178911775,0,65536,65536,65536,65536,65536,2050,0,268435456,0,0,2048,524288,0,0,0,0,0,0,0,0,2048,0,11,11
7,P,20260921,211,9,measure,4,append_fsync,16,16,16,106029605,0,256,256,0,0,65536,2,256,0,1048576,0,0,0,48,2840,16,16,0,0,0,0,34,0,11,11
7,P,20260921,212,9,measure,5,append_fsync,256,1,256,7992161,0,256,256,0,0,65536,2,256,0,1048576,0,0,0,10,2112,1,1,0,0,0,0,2,0,11,11
7,P,20260921,213,9,measure,6,rand_read_direct_double,0,256,2,28495899,0,512,512,65536,65536,65536,514,0,2097152,0,0,512,4096,0,0,0,0,0,0,0,0,512,0,11,11
7,P,20260921,214,9,measure,7,rand_read_cold,0,256,1,15565749,0,256,256,0,256,65536,258,0,1048576,0,0,256,2048,0,0,0,0,0,0,0,0,256,0,11,11
7,P,20260921,215,9,measure,8,overwrite_fdatasync_folio,1,256,1,478763491,0,256,256,0,0,65536,2,256,0,268435456,0,6,96,516,2488,257,1,0,0,0,0,512,3,11,11
7,P,20260921,216,9,measure,9,overwrite_odsync_folio,1,256,1,486999364,0,256,256,0,0,65536,2,256,0,268435456,0,0,0,512,2048,256,0,0,0,0,0,511,2,11,11
7,P,20260921,217,9,measure,10,seq_read_cold,0,2048,32,95999576,0,65536,65536,0,65536,65536,2050,0,268435456,0,0,2048,524288,0,0,0,0,0,0,0,0,238,2,11,11
7,P,20260921,218,9,measure,11,append_fsync,64,4,64,28506827,0,256,256,0,0,65536,2,256,0,1048576,0,0,0,16,2208,4,4,0,0,0,0,19,0,11,11
7,P,20260921,219,9,measure,12,overwrite_fdatasync,1,256,1,488738718,0,256,256,0,0,65536,2,256,0,1048576,0,0,0,513,2056,256,0,0,0,0,0,512,0,11,11
7,P,20260921,220,9,measure,13,append_fdatasync,1,256,1,1725506649,0,256,256,0,0,65536,2,256,0,1048576,0,5,88,768,14880,256,256,0,0,0,0,512,0,11,11
7,P,20260921,221,9,measure,14,overwrite_fsync,1,256,1,1707488529,0,256,256,0,0,65536,2,256,0,1048576,0,0,0,1079,29552,257,257,0,0,0,0,513,0,11,11
7,P,20260921,222,9,measure,15,rand_read_cold_bis,0,256,1,15709495,0,256,256,0,256,65536,258,0,1048576,0,0,256,2048,0,0,0,0,0,0,0,0,256,0,11,11
7,P,20260921,223,9,measure,16,rand_read_warm,0,256,1,443835,0,256,256,65536,65536,65536,258,0,0,0,0,0,0,0,0,0,0,0,0,0,0,0,0,11,11
7,P,20260921,224,9,measure,17,seq_read_warm,0,2048,32,46368924,0,65536,65536,65536,65536,65536,2050,0,0,0,0,0,0,0,0,0,0,0,0,0,0,0,0,11,11
7,P,20260921,225,9,measure,18,overwrite_fdatasync_double,1,256,2,1001157578,0,512,512,0,0,65536,2,512,0,2097152,0,0,0,1024,4096,512,0,0,0,0,0,1023,4,11,11
7,P,20260921,226,9,measure,19,append_fsync,1,256,1,1792790969,0,256,256,0,0,65536,2,256,0,1048576,0,0,0,783,14856,262,262,0,0,0,0,518,0,11,11
7,P,20260921,227,9,measure,20,tmpfs_append_fsync,1,256,1,580957,0,256,256,0,0,65536,2,256,0,0,0,0,0,0,0,0,0,0,0,0,0,0,0,11,11
7,P,20260921,228,9,measure,21,append_fsync,4,64,4,438360337,0,256,256,0,0,65536,2,256,0,1048576,0,0,0,209,5712,72,65,0,0,0,0,129,0,11,11
7,P,20260921,229,9,measure,22,append_buffered,0,256,1,1047536,7013858,256,256,0,0,65536,2,256,0,1048576,0,0,0,0,0,0,0,10,2088,1,1,0,0,11,11
7,P,20260921,230,10,measure,0,seq_read_direct,0,2048,32,185190863,0,65536,65536,65536,65536,65536,2050,0,268435456,0,0,2048,524288,0,0,0,0,0,0,0,0,2048,0,11,11
7,P,20260921,231,10,measure,1,append_fsync,64,4,64,26765160,0,256,256,0,0,65536,2,256,0,1048576,0,0,0,16,2208,4,4,0,0,0,0,27,0,11,11
7,P,20260921,232,10,measure,2,overwrite_fdatasync_double,1,256,2,1027417757,0,512,512,0,0,65536,2,512,0,2097152,0,0,0,1024,4096,512,0,0,0,0,0,1022,1,11,11
7,P,20260921,233,10,measure,3,rand_read_direct,0,256,1,14443615,0,256,256,65536,65536,65536,258,0,1048576,0,0,256,2048,0,0,0,0,0,0,0,0,256,0,11,11
7,P,20260921,234,10,measure,4,rand_read_warm,0,256,1,323621,0,256,256,65536,65536,65536,258,0,0,0,0,0,0,0,0,0,0,0,0,0,0,0,0,11,11
7,P,20260921,235,10,measure,5,append_fsync,4,64,4,429729749,0,256,256,0,0,65536,2,256,0,1048576,0,0,0,192,5320,64,64,0,0,0,0,128,0,11,11
7,P,20260921,236,10,measure,6,overwrite_fdatasync_bis,1,256,1,456760592,0,256,256,0,0,65536,2,256,0,1048576,0,0,0,512,2048,256,0,0,0,0,0,512,0,11,11
7,P,20260921,237,10,measure,7,append_buffered,0,256,1,1045403,6746594,256,256,0,0,65536,2,256,0,1048576,0,0,0,0,0,0,0,10,2088,1,1,0,0,11,11
7,P,20260921,238,10,measure,8,rand_read_cold_bis,0,256,1,15379481,0,256,256,0,256,65536,258,0,1048576,0,0,256,2048,0,0,0,0,0,0,0,0,256,0,11,11
7,P,20260921,239,10,measure,9,rand_read_cold,0,256,1,15004367,0,256,256,0,256,65536,258,0,1048576,0,0,256,2048,0,0,0,0,0,0,0,0,256,0,11,11
7,P,20260921,240,10,measure,10,tmpfs_append_fsync,1,256,1,583661,0,256,256,0,0,65536,2,256,0,0,0,0,0,0,0,0,0,0,0,0,0,0,0,11,11
7,P,20260921,241,10,measure,11,rand_read_direct_double,0,256,2,28291098,0,512,512,256,256,65536,514,0,2097152,0,0,512,4096,0,0,0,0,0,0,0,0,512,0,11,11
7,P,20260921,242,10,measure,12,overwrite_odsync,1,256,1,458395604,0,256,256,0,0,65536,2,256,0,1048576,0,0,0,512,2048,256,0,0,0,0,0,512,0,11,11
7,P,20260921,243,10,measure,13,overwrite_fsync,1,256,1,1726306900,0,256,256,0,0,65536,2,256,0,1048576,0,0,0,785,8984,263,260,0,0,0,0,516,0,11,11
7,P,20260921,244,10,measure,14,append_fsync,16,16,16,107521507,0,256,256,0,0,65536,2,256,0,1048576,0,0,0,48,2840,16,16,0,0,0,0,32,0,11,11
7,P,20260921,245,10,measure,15,seq_read_cold,0,2048,32,98918474,0,65536,65536,0,65536,65536,2050,0,268435456,0,0,2048,524288,0,0,0,0,0,0,0,0,208,3,11,11
7,P,20260921,246,10,measure,16,append_fdatasync,1,256,1,1774160921,0,256,256,0,0,65536,2,256,0,1048576,0,0,0,1122,29112,261,260,0,0,0,0,516,0,11,11
7,P,20260921,247,10,measure,17,seq_read_warm,0,2048,32,53277223,0,65536,65536,65536,65536,65536,2050,0,0,0,0,0,0,0,0,0,0,0,0,0,0,0,0,11,11
7,P,20260921,248,10,measure,18,overwrite_odsync_folio,1,256,1,545990641,0,256,256,0,0,65536,2,256,0,268435456,0,0,0,512,2048,256,0,0,0,0,0,512,2,11,11
7,P,20260921,249,10,measure,19,append_fsync,1,256,1,1799247945,0,256,256,0,0,65536,2,256,0,1048576,0,0,0,768,14856,256,256,0,0,0,0,512,0,11,11
7,P,20260921,250,10,measure,20,append_fsync,256,1,256,9228755,0,256,256,0,0,65536,2,256,0,1048576,0,0,0,10,2088,1,1,0,0,0,0,14,0,11,11
7,P,20260921,251,10,measure,21,overwrite_fdatasync,1,256,1,528205500,0,256,256,0,0,65536,2,256,0,1048576,0,0,0,512,2048,256,0,0,0,0,0,511,2,11,11
7,P,20260921,252,10,measure,22,overwrite_fdatasync_folio,1,256,1,555207630,0,256,256,0,0,65536,2,256,0,268435456,0,0,0,512,2048,256,0,0,0,0,0,511,3,11,11
