run_id,mode,batch,operations,elapsed_ns
17,go-gogc100,0,8192,232934
17,go-gogc100,1,8192,229843
17,go-gogc100,2,8192,389733
17,go-gogc100,3,8192,256886
17,go-gogc100,4,8192,1030710
17,go-gogc100,5,8192,988499
17,go-gogc100,6,8192,1153285
17,go-gogc100,7,8192,986588
17,go-gogc100,8,8192,1232313
17,go-gogc100,9,8192,1146141
17,go-gogc100,10,8192,1119642
17,go-gogc100,11,8192,1055019
17,go-gogc100,12,8192,990182
17,go-gogc100,13,8192,1044484
17,go-gogc100,14,8192,995772
17,go-gogc100,15,8192,1229899
17,go-gogc100,16,8192,999023
17,go-gogc100,17,8192,987494
17,go-gogc100,18,8192,987722
17,go-gogc100,19,8192,988546
17,go-gogc100,20,8192,1063959
17,go-gogc100,21,8192,7061267
17,go-gogc100,22,8192,182236
17,go-gogc100,23,8192,185870
17,go-gogc100,24,8192,184190
17,go-gogc100,25,8192,1197405
17,go-gogc100,26,8192,411352
17,go-gogc100,27,8192,245808
17,go-gogc100,28,8192,241520
17,go-gogc100,29,8192,242431
17,go-gogc100,30,8192,237883
17,go-gogc100,31,8192,238311
17,go-gogc100,32,8192,268024
17,go-gogc100,33,8192,237591
17,go-gogc100,34,8192,242714
17,go-gogc100,35,8192,237650
17,go-gogc100,36,8192,243440
17,go-gogc100,37,8192,239672
17,go-gogc100,38,8192,239700
17,go-gogc100,39,8192,234310
17,go-gogc100,40,8192,264985
17,go-gogc100,41,8192,240221
17,go-gogc100,42,8192,244424
17,go-gogc100,43,8192,234423
17,go-gogc100,44,8192,332559
17,go-gogc100,45,8192,267754
17,go-gogc100,46,8192,241366
17,go-gogc100,47,8192,238914
17,go-gogc100,48,8192,249782
17,go-gogc100,49,8192,237553
17,go-gogc100,50,8192,240244
17,go-gogc100,51,8192,246971
17,go-gogc100,52,8192,242726
17,go-gogc100,53,8192,239131
17,go-gogc100,54,8192,243715
17,go-gogc100,55,8192,242685
17,go-gogc100,56,8192,261134
17,go-gogc100,57,8192,241741
17,go-gogc100,58,8192,237911
17,go-gogc100,59,8192,249656
17,go-gogc100,60,8192,248670
17,go-gogc100,61,8192,245219
17,go-gogc100,62,8192,238055
17,go-gogc100,63,8192,236405
17,go-gogc100,64,8192,245086
17,go-gogc100,65,8192,236962
17,go-gogc100,66,8192,265449
17,go-gogc100,67,8192,240776
17,go-gogc100,68,8192,262683
17,go-gogc100,69,8192,247429
17,go-gogc100,70,8192,237360
17,go-gogc100,71,8192,236669
17,go-gogc100,72,8192,263235
17,go-gogc100,73,8192,316463
17,go-gogc100,74,8192,237841
17,go-gogc100,75,8192,242788
17,go-gogc100,76,8192,273378
17,go-gogc100,77,8192,287985
17,go-gogc100,78,8192,252666
17,go-gogc100,79,8192,244602
17,go-gogc100,80,8192,253018
17,go-gogc100,81,8192,268700
17,go-gogc100,82,8192,246466
17,go-gogc100,83,8192,243590
17,go-gogc100,84,8192,254372
17,go-gogc100,85,8192,329621
17,go-gogc100,86,8192,302089
17,go-gogc100,87,8192,282238
17,go-gogc100,88,8192,242644
17,go-gogc100,89,8192,235845
17,go-gogc100,90,8192,242082
17,go-gogc100,91,8192,244174
17,go-gogc100,92,8192,240060
17,go-gogc100,93,8192,240181
17,go-gogc100,94,8192,238481
17,go-gogc100,95,8192,245254
17,go-gogc100,96,8192,240238
17,go-gogc100,97,8192,239517
17,go-gogc100,98,8192,236711
17,go-gogc100,99,8192,236787
17,go-gogc100,100,8192,263096
17,go-gogc100,101,8192,240758
17,go-gogc100,102,8192,238838
17,go-gogc100,103,8192,243857
17,go-gogc100,104,8192,246155
17,go-gogc100,105,8192,239006
17,go-gogc100,106,8192,239340
17,go-gogc100,107,8192,243674
17,go-gogc100,108,8192,267612
17,go-gogc100,109,8192,238962
17,go-gogc100,110,8192,236277
17,go-gogc100,111,8192,242938
17,go-gogc100,112,8192,243560
17,go-gogc100,113,8192,262071
17,go-gogc100,114,8192,242604
17,go-gogc100,115,8192,235259
17,go-gogc100,116,8192,249510
17,go-gogc100,117,8192,237119
17,go-gogc100,118,8192,237506
17,go-gogc100,119,8192,241494
17,go-gogc100,120,8192,242208
17,go-gogc100,121,8192,240169
17,go-gogc100,122,8192,240018
17,go-gogc100,123,8192,233820
17,go-gogc100,124,8192,278814
17,go-gogc100,125,8192,243419
17,go-gogc100,126,8192,239360
17,go-gogc100,127,8192,237165
17,go-gogc100,128,8192,259145
17,go-gogc100,129,8192,258341
17,go-gogc100,130,8192,239244
17,go-gogc100,131,8192,232451
17,go-gogc100,132,8192,247719
17,go-gogc100,133,8192,237914
17,go-gogc100,134,8192,240105
17,go-gogc100,135,8192,256869
17,go-gogc100,136,8192,276334
17,go-gogc100,137,8192,243506
17,go-gogc100,138,8192,234391
17,go-gogc100,139,8192,313208
17,go-gogc100,140,8192,253612
17,go-gogc100,141,8192,234770
17,go-gogc100,142,8192,242418
17,go-gogc100,143,8192,239662
17,go-gogc100,144,8192,379114
17,go-gogc100,145,8192,248666
17,go-gogc100,146,8192,255362
17,go-gogc100,147,8192,273662
17,go-gogc100,148,8192,238613
17,go-gogc100,149,8192,238972
17,go-gogc100,150,8192,263772
17,go-gogc100,151,8192,238262
17,go-gogc100,152,8192,794610
17,go-gogc100,153,8192,704980
17,go-gogc100,154,8192,732559
17,go-gogc100,155,8192,734429
17,go-gogc100,156,8192,732015
17,go-gogc100,157,8192,738289
17,go-gogc100,158,8192,736562
17,go-gogc100,159,8192,976612
17,go-gogc100,160,8192,736209
17,go-gogc100,161,8192,731067
17,go-gogc100,162,8192,736138
17,go-gogc100,163,8192,731274
17,go-gogc100,164,8192,752399
17,go-gogc100,165,8192,997458
17,go-gogc100,166,8192,737630
17,go-gogc100,167,8192,733046
17,go-gogc100,168,8192,738986
17,go-gogc100,169,8192,732736
17,go-gogc100,170,8192,982861
17,go-gogc100,171,8192,778149
17,go-gogc100,172,8192,752568
17,go-gogc100,173,8192,733190
17,go-gogc100,174,8192,1278720
17,go-gogc100,175,8192,734957
17,go-gogc100,176,8192,979122
17,go-gogc100,177,8192,8458898
17,go-gogc100,178,8192,184763
17,go-gogc100,179,8192,183270
17,go-gogc100,180,8192,195201
17,go-gogc100,181,8192,182988
17,go-gogc100,182,8192,200684
17,go-gogc100,183,8192,182045
17,go-gogc100,184,8192,178356
17,go-gogc100,185,8192,176329
17,go-gogc100,186,8192,190982
17,go-gogc100,187,8192,181593
17,go-gogc100,188,8192,181654
17,go-gogc100,189,8192,203591
17,go-gogc100,190,8192,187986
17,go-gogc100,191,8192,182335
17,go-gogc100,192,8192,167582
17,go-gogc100,193,8192,171050
17,go-gogc100,194,8192,167470
17,go-gogc100,195,8192,167939
17,go-gogc100,196,8192,170951
17,go-gogc100,197,8192,180885
17,go-gogc100,198,8192,181837
17,go-gogc100,199,8192,182276
17,go-gogc100,200,8192,186716
17,go-gogc100,201,8192,185496
17,go-gogc100,202,8192,185370
17,go-gogc100,203,8192,186112
17,go-gogc100,204,8192,190460
17,go-gogc100,205,8192,195089
17,go-gogc100,206,8192,195294
17,go-gogc100,207,8192,193688
17,go-gogc100,208,8192,209837
17,go-gogc100,209,8192,207093
17,go-gogc100,210,8192,201182
17,go-gogc100,211,8192,193060
17,go-gogc100,212,8192,214765
17,go-gogc100,213,8192,206067
17,go-gogc100,214,8192,199484
17,go-gogc100,215,8192,213518
17,go-gogc100,216,8192,225927
17,go-gogc100,217,8192,243370
17,go-gogc100,218,8192,198391
17,go-gogc100,219,8192,190152
17,go-gogc100,220,8192,194338
17,go-gogc100,221,8192,196256
17,go-gogc100,222,8192,199184
17,go-gogc100,223,8192,192592
17,go-gogc100,224,8192,207560
17,go-gogc100,225,8192,201980
17,go-gogc100,226,8192,194491
17,go-gogc100,227,8192,203206
17,go-gogc100,228,8192,194583
17,go-gogc100,229,8192,190777
17,go-gogc100,230,8192,196419
17,go-gogc100,231,8192,204167
17,go-gogc100,232,8192,205441
17,go-gogc100,233,8192,197779
17,go-gogc100,234,8192,192005
17,go-gogc100,235,8192,190172
17,go-gogc100,236,8192,196170
17,go-gogc100,237,8192,206015
17,go-gogc100,238,8192,211967
17,go-gogc100,239,8192,200709
17,go-gogc100,240,8192,241927
17,go-gogc100,241,8192,204636
17,go-gogc100,242,8192,205553
17,go-gogc100,243,8192,201080
17,go-gogc100,244,8192,184636
17,go-gogc100,245,8192,192386
17,go-gogc100,246,8192,185149
17,go-gogc100,247,8192,192300
17,go-gogc100,248,8192,188772
17,go-gogc100,249,8192,196751
17,go-gogc100,250,8192,197627
17,go-gogc100,251,8192,988304
17,go-gogc100,252,8192,591910
17,go-gogc100,253,8192,180223
17,go-gogc100,254,8192,187424
17,go-gogc100,255,8192,187799
17,go-gogc100,256,8192,186126
17,go-gogc100,257,8192,187596
17,go-gogc100,258,8192,176845
17,go-gogc100,259,8192,172757
17,go-gogc100,260,8192,172738
17,go-gogc100,261,8192,174440
17,go-gogc100,262,8192,176443
17,go-gogc100,263,8192,178536
17,go-gogc100,264,8192,184622
17,go-gogc100,265,8192,182152
17,go-gogc100,266,8192,184557
17,go-gogc100,267,8192,171338
17,go-gogc100,268,8192,172717
17,go-gogc100,269,8192,184907
17,go-gogc100,270,8192,194109
17,go-gogc100,271,8192,181983
17,go-gogc100,272,8192,189033
17,go-gogc100,273,8192,182584
17,go-gogc100,274,8192,185302
17,go-gogc100,275,8192,180844
17,go-gogc100,276,8192,176022
17,go-gogc100,277,8192,178337
17,go-gogc100,278,8192,175049
17,go-gogc100,279,8192,187107
17,go-gogc100,280,8192,177702
17,go-gogc100,281,8192,170362
17,go-gogc100,282,8192,177120
17,go-gogc100,283,8192,170567
17,go-gogc100,284,8192,176233
17,go-gogc100,285,8192,185330
17,go-gogc100,286,8192,202444
17,go-gogc100,287,8192,176098
17,go-gogc100,288,8192,191325
17,go-gogc100,289,8192,180662
17,go-gogc100,290,8192,190705
17,go-gogc100,291,8192,182353
17,go-gogc100,292,8192,173863
17,go-gogc100,293,8192,177122
17,go-gogc100,294,8192,170284
17,go-gogc100,295,8192,188036
17,go-gogc100,296,8192,165510
17,go-gogc100,297,8192,171033
17,go-gogc100,298,8192,191471
17,go-gogc100,299,8192,177831
17,go-gogc100,300,8192,187204
17,go-gogc100,301,8192,185867
17,go-gogc100,302,8192,185284
17,go-gogc100,303,8192,185177
17,go-gogc100,304,8192,179975
17,go-gogc100,305,8192,181419
17,go-gogc100,306,8192,194453
17,go-gogc100,307,8192,172246
17,go-gogc100,308,8192,215352
17,go-gogc100,309,8192,178602
17,go-gogc100,310,8192,175200
17,go-gogc100,311,8192,181239
17,go-gogc100,312,8192,179239
17,go-gogc100,313,8192,179384
17,go-gogc100,314,8192,489478
17,go-gogc100,315,8192,701932
17,go-gogc100,316,8192,668653
17,go-gogc100,317,8192,654365
17,go-gogc100,318,8192,660699
17,go-gogc100,319,8192,920638
17,go-gogc100,320,8192,735447
17,go-gogc100,321,8192,3233668
17,go-gogc100,322,8192,408533
17,go-gogc100,323,8192,411703
17,go-gogc100,324,8192,412069
17,go-gogc100,325,8192,414631
17,go-gogc100,326,8192,407870
17,go-gogc100,327,8192,463835
17,go-gogc100,328,8192,491058
17,go-gogc100,329,8192,490077
17,go-gogc100,330,8192,498940
17,go-gogc100,331,8192,488488
17,go-gogc100,332,8192,745453
17,go-gogc100,333,8192,774515
17,go-gogc100,334,8192,993684
17,go-gogc100,335,8192,762387
17,go-gogc100,336,8192,738568
17,go-gogc100,337,8192,685935
17,go-gogc100,338,8192,625616
17,go-gogc100,339,8192,662238
17,go-gogc100,340,8192,687319
17,go-gogc100,341,8192,845562
17,go-gogc100,342,8192,688135
17,go-gogc100,343,8192,693465
17,go-gogc100,344,8192,648205
17,go-gogc100,345,8192,689522
17,go-gogc100,346,8192,664421
17,go-gogc100,347,8192,919324
17,go-gogc100,348,8192,738007
17,go-gogc100,349,8192,7042862
17,go-gogc100,350,8192,183502
17,go-gogc100,351,8192,183770
17,go-gogc100,352,8192,187635
17,go-gogc100,353,8192,177819
17,go-gogc100,354,8192,178442
17,go-gogc100,355,8192,178582
17,go-gogc100,356,8192,177035
17,go-gogc100,357,8192,179172
17,go-gogc100,358,8192,337683
17,go-gogc100,359,8192,1422648
17,go-gogc100,360,8192,181024
17,go-gogc100,361,8192,195249
17,go-gogc100,362,8192,183087
17,go-gogc100,363,8192,180602
17,go-gogc100,364,8192,179598
17,go-gogc100,365,8192,182133
17,go-gogc100,366,8192,185586
17,go-gogc100,367,8192,183001
17,go-gogc100,368,8192,179816
17,go-gogc100,369,8192,173518
17,go-gogc100,370,8192,184141
17,go-gogc100,371,8192,186979
17,go-gogc100,372,8192,186021
17,go-gogc100,373,8192,209755
17,go-gogc100,374,8192,288189
17,go-gogc100,375,8192,182228
17,go-gogc100,376,8192,181430
17,go-gogc100,377,8192,183459
17,go-gogc100,378,8192,173090
17,go-gogc100,379,8192,174112
17,go-gogc100,380,8192,175558
17,go-gogc100,381,8192,177470
17,go-gogc100,382,8192,177127
17,go-gogc100,383,8192,186880
17,go-gogc100,384,8192,176711
17,go-gogc100,385,8192,174099
17,go-gogc100,386,8192,173690
17,go-gogc100,387,8192,183154
17,go-gogc100,388,8192,189539
17,go-gogc100,389,8192,183205
17,go-gogc100,390,8192,184084
17,go-gogc100,391,8192,186869
17,go-gogc100,392,8192,185014
17,go-gogc100,393,8192,186684
17,go-gogc100,394,8192,192092
17,go-gogc100,395,8192,191128
17,go-gogc100,396,8192,186217
17,go-gogc100,397,8192,188699
17,go-gogc100,398,8192,179640
17,go-gogc100,399,8192,182080
17,go-gogc100,400,8192,177781
17,go-gogc100,401,8192,185911
17,go-gogc100,402,8192,187766
17,go-gogc100,403,8192,186269
17,go-gogc100,404,8192,187428
17,go-gogc100,405,8192,171774
17,go-gogc100,406,8192,170448
17,go-gogc100,407,8192,169117
17,go-gogc100,408,8192,182770
17,go-gogc100,409,8192,178032
17,go-gogc100,410,8192,196301
17,go-gogc100,411,8192,186650
17,go-gogc100,412,8192,187839
17,go-gogc100,413,8192,177327
17,go-gogc100,414,8192,182057
17,go-gogc100,415,8192,217715
17,go-gogc100,416,8192,179913
17,go-gogc100,417,8192,179936
17,go-gogc100,418,8192,180122
17,go-gogc100,419,8192,182920
17,go-gogc100,420,8192,181154
17,go-gogc100,421,8192,187990
17,go-gogc100,422,8192,179375
17,go-gogc100,423,8192,179544
17,go-gogc100,424,8192,182196
17,go-gogc100,425,8192,179654
17,go-gogc100,426,8192,181508
17,go-gogc100,427,8192,172995
17,go-gogc100,428,8192,181940
17,go-gogc100,429,8192,178132
17,go-gogc100,430,8192,175457
17,go-gogc100,431,8192,182398
17,go-gogc100,432,8192,188615
17,go-gogc100,433,8192,181961
17,go-gogc100,434,8192,182567
17,go-gogc100,435,8192,183663
17,go-gogc100,436,8192,181074
17,go-gogc100,437,8192,183780
17,go-gogc100,438,8192,183875
17,go-gogc100,439,8192,184299
17,go-gogc100,440,8192,184565
17,go-gogc100,441,8192,187304
17,go-gogc100,442,8192,191200
17,go-gogc100,443,8192,183650
17,go-gogc100,444,8192,178880
17,go-gogc100,445,8192,181865
17,go-gogc100,446,8192,180411
17,go-gogc100,447,8192,179695
17,go-gogc100,448,8192,186223
17,go-gogc100,449,8192,185146
17,go-gogc100,450,8192,184866
17,go-gogc100,451,8192,184879
17,go-gogc100,452,8192,210768
17,go-gogc100,453,8192,202568
17,go-gogc100,454,8192,175663
17,go-gogc100,455,8192,189933
17,go-gogc100,456,8192,182318
17,go-gogc100,457,8192,181408
17,go-gogc100,458,8192,181040
17,go-gogc100,459,8192,192092
17,go-gogc100,460,8192,181366
17,go-gogc100,461,8192,178542
17,go-gogc100,462,8192,180545
17,go-gogc100,463,8192,199166
17,go-gogc100,464,8192,228214
17,go-gogc100,465,8192,196716
17,go-gogc100,466,8192,187488
17,go-gogc100,467,8192,188468
17,go-gogc100,468,8192,188007
17,go-gogc100,469,8192,201977
17,go-gogc100,470,8192,191476
17,go-gogc100,471,8192,192683
17,go-gogc100,472,8192,199019
17,go-gogc100,473,8192,196746
17,go-gogc100,474,8192,580553
17,go-gogc100,475,8192,178420
17,go-gogc100,476,8192,173705
17,go-gogc100,477,8192,177051
17,go-gogc100,478,8192,191447
17,go-gogc100,479,8192,186821
17,go-gogc100,480,8192,177933
17,go-gogc100,481,8192,183113
17,go-gogc100,482,8192,187061
17,go-gogc100,483,8192,182723
17,go-gogc100,484,8192,173727
17,go-gogc100,485,8192,171701
17,go-gogc100,486,8192,173666
17,go-gogc100,487,8192,220655
17,go-gogc100,488,8192,194409
17,go-gogc100,489,8192,181808
17,go-gogc100,490,8192,190620
17,go-gogc100,491,8192,187166
17,go-gogc100,492,8192,193898
17,go-gogc100,493,8192,453761
17,go-gogc100,494,8192,695106
17,go-gogc100,495,8192,667353
17,go-gogc100,496,8192,655063
17,go-gogc100,497,8192,655434
17,go-gogc100,498,8192,656304
17,go-gogc100,499,8192,656359
17,go-gogc100,500,8192,617417
17,go-gogc100,501,8192,2918553
17,go-gogc100,502,8192,382474
17,go-gogc100,503,8192,381949
17,go-gogc100,504,8192,379107
17,go-gogc100,505,8192,385566
17,go-gogc100,506,8192,380288
17,go-gogc100,507,8192,385355
17,go-gogc100,508,8192,384080
17,go-gogc100,509,8192,389862
17,go-gogc100,510,8192,380191
17,go-gogc100,511,8192,385091
17,go-gogc100,512,8192,660138
17,go-gogc100,513,8192,709276
17,go-gogc100,514,8192,744371
17,go-gogc100,515,8192,744202
17,go-gogc100,516,8192,1022326
17,go-gogc100,517,8192,743997
17,go-gogc100,518,8192,834902
17,go-gogc100,519,8192,744867
17,go-gogc100,520,8192,737426
17,go-gogc100,521,8192,779884
17,go-gogc100,522,8192,731705
17,go-gogc100,523,8192,819126
17,go-gogc100,524,8192,742813
17,go-gogc100,525,8192,740425
17,go-gogc100,526,8192,734600
17,go-gogc100,527,8192,978129
17,go-gogc100,528,8192,870195
17,go-gogc100,529,8192,6561481
17,go-gogc100,530,8192,181014
17,go-gogc100,531,8192,182966
17,go-gogc100,532,8192,186154
17,go-gogc100,533,8192,179891
17,go-gogc100,534,8192,179343
17,go-gogc100,535,8192,178421
17,go-gogc100,536,8192,178586
17,go-gogc100,537,8192,177549
17,go-gogc100,538,8192,181317
17,go-gogc100,539,8192,181578
17,go-gogc100,540,8192,176487
17,go-gogc100,541,8192,176662
17,go-gogc100,542,8192,176570
17,go-gogc100,543,8192,176289
17,go-gogc100,544,8192,184596
17,go-gogc100,545,8192,178009
17,go-gogc100,546,8192,178237
17,go-gogc100,547,8192,179892
17,go-gogc100,548,8192,181075
17,go-gogc100,549,8192,185962
17,go-gogc100,550,8192,192089
17,go-gogc100,551,8192,180815
17,go-gogc100,552,8192,180888
17,go-gogc100,553,8192,194398
17,go-gogc100,554,8192,198210
17,go-gogc100,555,8192,207977
17,go-gogc100,556,8192,208027
17,go-gogc100,557,8192,203024
17,go-gogc100,558,8192,214704
17,go-gogc100,559,8192,212416
17,go-gogc100,560,8192,212467
17,go-gogc100,561,8192,209219
17,go-gogc100,562,8192,209186
17,go-gogc100,563,8192,210706
17,go-gogc100,564,8192,213332
17,go-gogc100,565,8192,214747
17,go-gogc100,566,8192,209539
17,go-gogc100,567,8192,213647
17,go-gogc100,568,8192,209703
17,go-gogc100,569,8192,212648
17,go-gogc100,570,8192,214154
17,go-gogc100,571,8192,213077
17,go-gogc100,572,8192,217314
17,go-gogc100,573,8192,230912
17,go-gogc100,574,8192,216007
17,go-gogc100,575,8192,208789
17,go-gogc100,576,8192,201577
17,go-gogc100,577,8192,198968
17,go-gogc100,578,8192,216547
17,go-gogc100,579,8192,199045
17,go-gogc100,580,8192,201322
17,go-gogc100,581,8192,200089
17,go-gogc100,582,8192,202061
17,go-gogc100,583,8192,207787
17,go-gogc100,584,8192,206377
17,go-gogc100,585,8192,205349
17,go-gogc100,586,8192,207499
17,go-gogc100,587,8192,202678
17,go-gogc100,588,8192,207805
17,go-gogc100,589,8192,198721
17,go-gogc100,590,8192,207612
17,go-gogc100,591,8192,218687
17,go-gogc100,592,8192,222187
17,go-gogc100,593,8192,214921
17,go-gogc100,594,8192,197582
17,go-gogc100,595,8192,267456
17,go-gogc100,596,8192,537956
17,go-gogc100,597,8192,548381
17,go-gogc100,598,8192,184196
17,go-gogc100,599,8192,192146
17,go-gogc100,600,8192,180289
17,go-gogc100,601,8192,181495
17,go-gogc100,602,8192,186139
17,go-gogc100,603,8192,182915
17,go-gogc100,604,8192,183795
17,go-gogc100,605,8192,189548
17,go-gogc100,606,8192,199408
17,go-gogc100,607,8192,181152
17,go-gogc100,608,8192,182306
17,go-gogc100,609,8192,187644
17,go-gogc100,610,8192,185034
17,go-gogc100,611,8192,181628
17,go-gogc100,612,8192,183556
17,go-gogc100,613,8192,175450
17,go-gogc100,614,8192,179495
17,go-gogc100,615,8192,183233
17,go-gogc100,616,8192,187158
17,go-gogc100,617,8192,183738
17,go-gogc100,618,8192,182984
17,go-gogc100,619,8192,185346
17,go-gogc100,620,8192,187349
17,go-gogc100,621,8192,180488
17,go-gogc100,622,8192,176208
17,go-gogc100,623,8192,177933
17,go-gogc100,624,8192,172377
17,go-gogc100,625,8192,171685
17,go-gogc100,626,8192,182050
17,go-gogc100,627,8192,182843
17,go-gogc100,628,8192,181726
17,go-gogc100,629,8192,186111
17,go-gogc100,630,8192,179373
17,go-gogc100,631,8192,179152
17,go-gogc100,632,8192,178080
17,go-gogc100,633,8192,625174
17,go-gogc100,634,8192,182719
17,go-gogc100,635,8192,203465
17,go-gogc100,636,8192,198085
17,go-gogc100,637,8192,197365
17,go-gogc100,638,8192,198832
17,go-gogc100,639,8192,197286
17,go-gogc100,640,8192,197676
17,go-gogc100,641,8192,177513
17,go-gogc100,642,8192,188714
17,go-gogc100,643,8192,175657
17,go-gogc100,644,8192,176619
17,go-gogc100,645,8192,232155
17,go-gogc100,646,8192,176997
17,go-gogc100,647,8192,196898
17,go-gogc100,648,8192,215084
17,go-gogc100,649,8192,180363
17,go-gogc100,650,8192,189670
17,go-gogc100,651,8192,176282
17,go-gogc100,652,8192,184047
17,go-gogc100,653,8192,191528
17,go-gogc100,654,8192,178353
17,go-gogc100,655,8192,182139
17,go-gogc100,656,8192,181282
17,go-gogc100,657,8192,174468
17,go-gogc100,658,8192,178654
17,go-gogc100,659,8192,180449
17,go-gogc100,660,8192,185394
17,go-gogc100,661,8192,203051
17,go-gogc100,662,8192,178479
17,go-gogc100,663,8192,188289
17,go-gogc100,664,8192,177299
17,go-gogc100,665,8192,180148
17,go-gogc100,666,8192,187613
17,go-gogc100,667,8192,194109
17,go-gogc100,668,8192,204369
17,go-gogc100,669,8192,186156
17,go-gogc100,670,8192,180950
17,go-gogc100,671,8192,188256
17,go-gogc100,672,8192,181075
17,go-gogc100,673,8192,401433
17,go-gogc100,674,8192,708836
17,go-gogc100,675,8192,657533
17,go-gogc100,676,8192,682840
17,go-gogc100,677,8192,663316
17,go-gogc100,678,8192,677950
17,go-gogc100,679,8192,688349
17,go-gogc100,680,8192,659391
17,go-gogc100,681,8192,2926902
17,go-gogc100,682,8192,843602
17,go-gogc100,683,8192,542757
17,go-gogc100,684,8192,463762
17,go-gogc100,685,8192,418463
17,go-gogc100,686,8192,414714
17,go-gogc100,687,8192,631414
17,go-gogc100,688,8192,478830
17,go-gogc100,689,8192,479249
17,go-gogc100,690,8192,990887
17,go-gogc100,691,8192,759263
17,go-gogc100,692,8192,650538
17,go-gogc100,693,8192,665130
17,go-gogc100,694,8192,885940
17,go-gogc100,695,8192,734323
17,go-gogc100,696,8192,659914
17,go-gogc100,697,8192,691864
17,go-gogc100,698,8192,686981
17,go-gogc100,699,8192,801606
17,go-gogc100,700,8192,933804
17,go-gogc100,701,8192,680246
17,go-gogc100,702,8192,695980
17,go-gogc100,703,8192,675828
17,go-gogc100,704,8192,665491
17,go-gogc100,705,8192,601115
17,go-gogc100,706,8192,547649
17,go-gogc100,707,8192,559973
17,go-gogc100,708,8192,6830207
17,go-gogc100,709,8192,180934
17,go-gogc100,710,8192,180324
17,go-gogc100,711,8192,179632
17,go-gogc100,712,8192,180580
17,go-gogc100,713,8192,180766
17,go-gogc100,714,8192,175918
17,go-gogc100,715,8192,176402
17,go-gogc100,716,8192,175640
17,go-gogc100,717,8192,195679
17,go-gogc100,718,8192,182792
17,go-gogc100,719,8192,190862
17,go-gogc100,720,8192,189418
17,go-gogc100,721,8192,187460
17,go-gogc100,722,8192,185307
17,go-gogc100,723,8192,186692
17,go-gogc100,724,8192,1263286
17,go-gogc100,725,8192,208434
17,go-gogc100,726,8192,186926
17,go-gogc100,727,8192,179022
17,go-gogc100,728,8192,181851
17,go-gogc100,729,8192,181580
17,go-gogc100,730,8192,180333
17,go-gogc100,731,8192,177463
17,go-gogc100,732,8192,176429
17,go-gogc100,733,8192,178090
17,go-gogc100,734,8192,182395
17,go-gogc100,735,8192,184251
17,go-gogc100,736,8192,183200
17,go-gogc100,737,8192,181461
17,go-gogc100,738,8192,193807
17,go-gogc100,739,8192,181080
17,go-gogc100,740,8192,186000
17,go-gogc100,741,8192,180332
17,go-gogc100,742,8192,182130
17,go-gogc100,743,8192,193598
17,go-gogc100,744,8192,180611
17,go-gogc100,745,8192,191452
17,go-gogc100,746,8192,172524
17,go-gogc100,747,8192,171993
17,go-gogc100,748,8192,172473
17,go-gogc100,749,8192,170134
17,go-gogc100,750,8192,228790
17,go-gogc100,751,8192,215957
17,go-gogc100,752,8192,182149
17,go-gogc100,753,8192,181151
17,go-gogc100,754,8192,182371
17,go-gogc100,755,8192,183846
17,go-gogc100,756,8192,198174
17,go-gogc100,757,8192,183511
17,go-gogc100,758,8192,179890
17,go-gogc100,759,8192,180212
17,go-gogc100,760,8192,182211
17,go-gogc100,761,8192,204452
17,go-gogc100,762,8192,180401
17,go-gogc100,763,8192,187890
17,go-gogc100,764,8192,179882
17,go-gogc100,765,8192,178472
17,go-gogc100,766,8192,177937
17,go-gogc100,767,8192,197507
17,go-gogc100,768,8192,174880
17,go-gogc100,769,8192,172422
17,go-gogc100,770,8192,173555
17,go-gogc100,771,8192,177373
17,go-gogc100,772,8192,193072
17,go-gogc100,773,8192,177446
17,go-gogc100,774,8192,177523
17,go-gogc100,775,8192,191776
17,go-gogc100,776,8192,229350
17,go-gogc100,777,8192,186655
17,go-gogc100,778,8192,177890
17,go-gogc100,779,8192,182833
17,go-gogc100,780,8192,175630
17,go-gogc100,781,8192,173758
17,go-gogc100,782,8192,176092
17,go-gogc100,783,8192,182124
17,go-gogc100,784,8192,180670
17,go-gogc100,785,8192,178885
17,go-gogc100,786,8192,178330
17,go-gogc100,787,8192,179464
17,go-gogc100,788,8192,170884
17,go-gogc100,789,8192,180567
17,go-gogc100,790,8192,176927
17,go-gogc100,791,8192,177914
17,go-gogc100,792,8192,188179
17,go-gogc100,793,8192,179630
17,go-gogc100,794,8192,179090
17,go-gogc100,795,8192,175321
17,go-gogc100,796,8192,170744
17,go-gogc100,797,8192,171933
17,go-gogc100,798,8192,171418
17,go-gogc100,799,8192,173898
17,go-gogc100,800,8192,185680
17,go-gogc100,801,8192,195323
17,go-gogc100,802,8192,216518
17,go-gogc100,803,8192,203745
17,go-gogc100,804,8192,197678
17,go-gogc100,805,8192,203175
17,go-gogc100,806,8192,196437
17,go-gogc100,807,8192,196511
17,go-gogc100,808,8192,199365
17,go-gogc100,809,8192,202941
17,go-gogc100,810,8192,216466
17,go-gogc100,811,8192,211311
17,go-gogc100,812,8192,318191
17,go-gogc100,813,8192,234203
17,go-gogc100,814,8192,199031
17,go-gogc100,815,8192,181199
17,go-gogc100,816,8192,181096
17,go-gogc100,817,8192,179699
17,go-gogc100,818,8192,181233
17,go-gogc100,819,8192,182525
17,go-gogc100,820,8192,172971
17,go-gogc100,821,8192,173778
17,go-gogc100,822,8192,174482
17,go-gogc100,823,8192,174511
17,go-gogc100,824,8192,177558
17,go-gogc100,825,8192,207700
17,go-gogc100,826,8192,196146
17,go-gogc100,827,8192,190695
17,go-gogc100,828,8192,193358
17,go-gogc100,829,8192,215190
17,go-gogc100,830,8192,199429
17,go-gogc100,831,8192,188886
17,go-gogc100,832,8192,181811
17,go-gogc100,833,8192,540136
17,go-gogc100,834,8192,218617
17,go-gogc100,835,8192,185401
17,go-gogc100,836,8192,196428
17,go-gogc100,837,8192,187028
17,go-gogc100,838,8192,190202
17,go-gogc100,839,8192,180889
17,go-gogc100,840,8192,174320
17,go-gogc100,841,8192,176404
17,go-gogc100,842,8192,175004
17,go-gogc100,843,8192,175188
17,go-gogc100,844,8192,177021
17,go-gogc100,845,8192,203907
17,go-gogc100,846,8192,182764
17,go-gogc100,847,8192,174180
17,go-gogc100,848,8192,175497
17,go-gogc100,849,8192,191034
17,go-gogc100,850,8192,178218
17,go-gogc100,851,8192,470775
17,go-gogc100,852,8192,692719
17,go-gogc100,853,8192,652384
17,go-gogc100,854,8192,766200
17,go-gogc100,855,8192,666492
17,go-gogc100,856,8192,679425
17,go-gogc100,857,8192,711216
17,go-gogc100,858,8192,662423
17,go-gogc100,859,8192,3231209
17,go-gogc100,860,8192,413039
17,go-gogc100,861,8192,409102
17,go-gogc100,862,8192,375827
17,go-gogc100,863,8192,377274
17,go-gogc100,864,8192,379834
17,go-gogc100,865,8192,377758
17,go-gogc100,866,8192,381552
17,go-gogc100,867,8192,381170
17,go-gogc100,868,8192,384571
17,go-gogc100,869,8192,379559
17,go-gogc100,870,8192,758173
17,go-gogc100,871,8192,573162
17,go-gogc100,872,8192,566896
17,go-gogc100,873,8192,806154
17,go-gogc100,874,8192,676658
17,go-gogc100,875,8192,654350
17,go-gogc100,876,8192,656971
17,go-gogc100,877,8192,625044
17,go-gogc100,878,8192,626701
17,go-gogc100,879,8192,638540
17,go-gogc100,880,8192,629459
17,go-gogc100,881,8192,624974
17,go-gogc100,882,8192,620540
17,go-gogc100,883,8192,926566
17,go-gogc100,884,8192,638623
17,go-gogc100,885,8192,669987
17,go-gogc100,886,8192,725616
17,go-gogc100,887,8192,635410
17,go-gogc100,888,8192,641129
17,go-gogc100,889,8192,652126
17,go-gogc100,890,8192,6237207
17,go-gogc100,891,8192,187091
17,go-gogc100,892,8192,181922
17,go-gogc100,893,8192,182430
17,go-gogc100,894,8192,185836
17,go-gogc100,895,8192,188195
17,go-gogc100,896,8192,186487
17,go-gogc100,897,8192,185705
17,go-gogc100,898,8192,184198
17,go-gogc100,899,8192,186894
17,go-gogc100,900,8192,186099
17,go-gogc100,901,8192,185278
17,go-gogc100,902,8192,180962
17,go-gogc100,903,8192,179147
17,go-gogc100,904,8192,186316
17,go-gogc100,905,8192,181815
17,go-gogc100,906,8192,185036
17,go-gogc100,907,8192,182016
17,go-gogc100,908,8192,181256
17,go-gogc100,909,8192,182627
17,go-gogc100,910,8192,181550
17,go-gogc100,911,8192,182437
17,go-gogc100,912,8192,198446
17,go-gogc100,913,8192,208400
17,go-gogc100,914,8192,187913
17,go-gogc100,915,8192,213950
17,go-gogc100,916,8192,215173
17,go-gogc100,917,8192,214877
17,go-gogc100,918,8192,205683
17,go-gogc100,919,8192,199458
17,go-gogc100,920,8192,199513
17,go-gogc100,921,8192,201424
17,go-gogc100,922,8192,203930
17,go-gogc100,923,8192,202434
17,go-gogc100,924,8192,199958
17,go-gogc100,925,8192,198834
17,go-gogc100,926,8192,204927
17,go-gogc100,927,8192,197319
17,go-gogc100,928,8192,204159
17,go-gogc100,929,8192,201871
17,go-gogc100,930,8192,204170
17,go-gogc100,931,8192,208255
17,go-gogc100,932,8192,199717
17,go-gogc100,933,8192,216675
17,go-gogc100,934,8192,213239
17,go-gogc100,935,8192,212697
17,go-gogc100,936,8192,216549
17,go-gogc100,937,8192,216135
17,go-gogc100,938,8192,207419
17,go-gogc100,939,8192,211076
17,go-gogc100,940,8192,207948
17,go-gogc100,941,8192,212159
17,go-gogc100,942,8192,204972
17,go-gogc100,943,8192,203652
17,go-gogc100,944,8192,202514
17,go-gogc100,945,8192,203978
17,go-gogc100,946,8192,203477
17,go-gogc100,947,8192,200850
17,go-gogc100,948,8192,230562
17,go-gogc100,949,8192,361679
17,go-gogc100,950,8192,389944
17,go-gogc100,951,8192,314977
17,go-gogc100,952,8192,213412
17,go-gogc100,953,8192,182446
17,go-gogc100,954,8192,179013
17,go-gogc100,955,8192,176677
17,go-gogc100,956,8192,178667
17,go-gogc100,957,8192,177496
17,go-gogc100,958,8192,181904
17,go-gogc100,959,8192,223304
17,go-gogc100,960,8192,181798
17,go-gogc100,961,8192,187654
17,go-gogc100,962,8192,186665
17,go-gogc100,963,8192,184120
17,go-gogc100,964,8192,182555
17,go-gogc100,965,8192,175174
17,go-gogc100,966,8192,173992
17,go-gogc100,967,8192,172395
17,go-gogc100,968,8192,174273
17,go-gogc100,969,8192,174904
17,go-gogc100,970,8192,182656
17,go-gogc100,971,8192,176403
17,go-gogc100,972,8192,173745
17,go-gogc100,973,8192,333860
17,go-gogc100,974,8192,199909
17,go-gogc100,975,8192,185275
17,go-gogc100,976,8192,192020
17,go-gogc100,977,8192,182581
17,go-gogc100,978,8192,181967
17,go-gogc100,979,8192,181267
17,go-gogc100,980,8192,186419
17,go-gogc100,981,8192,183946
17,go-gogc100,982,8192,186550
17,go-gogc100,983,8192,182131
17,go-gogc100,984,8192,182235
17,go-gogc100,985,8192,187230
17,go-gogc100,986,8192,185596
17,go-gogc100,987,8192,175900
17,go-gogc100,988,8192,176611
17,go-gogc100,989,8192,176787
17,go-gogc100,990,8192,174805
17,go-gogc100,991,8192,183963
17,go-gogc100,992,8192,182824
17,go-gogc100,993,8192,185630
17,go-gogc100,994,8192,183718
17,go-gogc100,995,8192,181278
17,go-gogc100,996,8192,187306
17,go-gogc100,997,8192,191657
17,go-gogc100,998,8192,190854
17,go-gogc100,999,8192,188495
17,go-gogc100,1000,8192,191342
17,go-gogc100,1001,8192,191307
17,go-gogc100,1002,8192,185133
17,go-gogc100,1003,8192,184385
17,go-gogc100,1004,8192,183263
17,go-gogc100,1005,8192,185005
17,go-gogc100,1006,8192,183356
17,go-gogc100,1007,8192,180814
17,go-gogc100,1008,8192,536356
17,go-gogc100,1009,8192,232768
17,go-gogc100,1010,8192,176836
17,go-gogc100,1011,8192,181585
17,go-gogc100,1012,8192,168951
17,go-gogc100,1013,8192,174036
17,go-gogc100,1014,8192,164714
17,go-gogc100,1015,8192,165955
17,go-gogc100,1016,8192,197707
17,go-gogc100,1017,8192,179061
17,go-gogc100,1018,8192,184920
17,go-gogc100,1019,8192,178458
17,go-gogc100,1020,8192,221473
17,go-gogc100,1021,8192,185086
17,go-gogc100,1022,8192,184077
17,go-gogc100,1023,8192,180805
