core,label,bytes,processes,median_ns_per_access,ci95_low,ci95_high,q25,q75,median_gib_per_s
P,pair_same_line,4096,8,1.6399,1.5633,1.7632,1.5661,1.6933,9.086
P,pair_same_line,6144,8,1.6399,1.5890,1.6926,1.5958,1.6692,9.087
P,pair_same_line,8192,8,1.7642,1.5711,1.8614,1.5868,1.8557,8.446
P,pair_same_line,12288,8,1.6946,1.6016,1.8776,1.6055,1.7651,8.793
P,pair_same_line,16384,8,1.6127,1.5560,1.6398,1.5705,1.6388,9.240
P,pair_same_line,24576,8,1.5817,1.5583,1.6943,1.5584,1.6541,9.421
P,pair_same_line,32768,8,1.6706,1.5616,1.7555,1.5812,1.7081,8.920
P,pair_same_line,49152,8,1.7721,1.6029,1.9414,1.6487,1.9353,8.409
P,pair_same_line,65536,8,1.6936,1.6355,1.8672,1.6453,1.7516,8.799
P,pair_same_line,98304,8,1.8377,1.6881,2.0950,1.6995,2.0544,8.109
P,pair_same_line,131072,8,1.7910,1.7231,2.0855,1.7670,1.8984,8.320
P,pair_same_line,196608,8,1.9121,1.8936,1.9731,1.9002,1.9340,7.793
P,pair_same_line,262144,8,1.8203,1.7477,1.8945,1.7783,1.8650,8.186
P,pair_same_line,393216,8,1.8434,1.7936,1.9427,1.8136,1.9174,8.083
P,pair_same_line,524288,8,2.0146,1.9442,2.3209,1.9463,2.1879,7.397
P,pair_same_line,786432,8,2.1152,2.0291,2.3282,2.0609,2.2031,7.045
P,pair_same_line,1048576,8,2.2081,2.0836,2.3643,2.0884,2.3258,6.748
P,pair_same_line,1572864,8,2.5130,2.3319,2.7125,2.3571,2.6730,5.930
P,pair_same_line,2097152,8,3.0349,2.7382,3.3004,2.7822,3.2588,4.910
P,pair_same_line,3145728,8,3.6013,3.2931,4.3398,3.3991,4.0155,4.138
P,pair_same_line,4194304,8,4.1542,3.5234,4.9685,3.5372,4.5553,3.587
P,pair_same_line,6291456,8,6.3905,5.7383,7.8116,5.7484,7.7474,2.332
P,pair_same_line,8388608,8,9.4592,8.2855,9.9957,8.8184,9.7030,1.575
P,pair_same_line,12582912,8,11.8712,11.4114,12.3855,11.6281,12.2138,1.255
P,pair_same_line,16777216,8,12.8748,12.0932,13.1472,12.4435,13.0715,1.157
P,pair_same_line,25165824,8,13.7995,13.4551,14.7371,13.6525,14.3418,1.080
P,pair_same_line,33554432,8,14.6816,14.3046,15.2434,14.3939,14.9128,1.015
P,pair_same_line,50331648,8,15.7907,15.4669,16.0094,15.5111,15.9272,0.944
P,pair_same_line,67108864,8,16.3869,16.0042,16.9246,16.1437,16.8454,0.909
P,pair_same_line,100663296,8,16.7861,16.4805,17.0637,16.5688,17.0256,0.888
P,pair_same_line,134217728,8,17.3059,17.0872,17.6945,17.2145,17.4381,0.861
P,pair_same_line,201326592,8,18.3890,17.8163,18.9809,17.9730,18.5777,0.810
P,pair_same_line,268435456,8,18.4703,18.2433,19.0229,18.2776,18.7968,0.807
P,pair_split_line,4096,8,1.8668,1.8229,2.0011,1.8258,1.9699,7.982
P,pair_split_line,6144,8,1.8100,1.8042,1.8898,1.8047,1.8778,8.233
P,pair_split_line,8192,8,1.9061,1.8366,2.1964,1.8388,2.0818,7.817
P,pair_split_line,12288,8,1.8962,1.8278,1.9744,1.8364,1.9491,7.858
P,pair_split_line,16384,8,1.8861,1.8185,1.9991,1.8372,1.9327,7.900
P,pair_split_line,24576,8,1.9570,1.8000,2.0600,1.8015,2.0452,7.614
P,pair_split_line,32768,8,1.9499,1.8980,2.0846,1.9071,2.0620,7.642
P,pair_split_line,49152,8,1.8756,1.8155,1.9356,1.8487,1.9110,7.945
P,pair_split_line,65536,8,2.0353,1.9591,2.1967,1.9775,2.1474,7.321
P,pair_split_line,98304,8,2.1487,2.0672,2.3350,2.0711,2.2070,6.935
P,pair_split_line,131072,8,2.2094,2.1805,2.6419,2.1902,2.3508,6.745
P,pair_split_line,196608,8,2.2673,2.1923,2.4909,2.1952,2.3987,6.572
P,pair_split_line,262144,8,2.2981,2.2262,2.4840,2.2325,2.4618,6.484
P,pair_split_line,393216,8,2.5650,2.4979,2.7722,2.5064,2.6341,5.809
P,pair_split_line,524288,8,2.3946,2.3627,2.5870,2.3671,2.5000,6.223
P,pair_split_line,786432,8,2.5951,2.5228,2.7662,2.5293,2.6990,5.742
P,pair_split_line,1048576,8,2.6343,2.5619,2.8477,2.5753,2.7047,5.657
P,pair_split_line,1572864,8,2.8873,2.8531,3.1828,2.8730,3.1082,5.161
P,pair_split_line,2097152,8,3.4069,3.1102,3.5320,3.1167,3.5295,4.374
P,pair_split_line,3145728,8,3.9301,3.7692,4.6140,3.8279,4.1715,3.792
P,pair_split_line,4194304,8,4.7758,4.6510,5.4676,4.6524,5.3072,3.120
P,pair_split_line,6291456,8,6.6385,5.7968,6.9566,5.8160,6.9357,2.245
P,pair_split_line,8388608,8,7.5282,7.3463,8.1683,7.3626,8.1049,1.979
P,pair_split_line,12582912,8,9.7440,9.0253,10.1812,9.1373,10.1609,1.529
P,pair_split_line,16777216,8,11.2823,10.8455,12.5584,10.9009,11.8132,1.321
P,pair_split_line,25165824,8,15.3341,14.3885,16.3600,14.5308,15.7481,0.972
P,pair_split_line,33554432,8,17.9158,16.9745,18.4865,17.2516,18.4547,0.832
P,pair_split_line,50331648,8,19.3341,18.8565,20.4176,18.8647,20.0749,0.771
P,pair_split_line,67108864,8,19.4559,18.6351,21.3073,18.6750,20.1527,0.766
P,pair_split_line,100663296,8,23.2456,23.0483,23.4712,23.1633,23.3633,0.641
P,pair_split_line,134217728,8,23.9874,23.0551,24.2263,23.4347,24.0742,0.621
P,pair_split_line,201326592,8,24.6556,24.3735,25.9624,24.3983,25.0626,0.604
P,pair_split_line,268435456,8,24.4598,22.8161,26.3539,23.0939,25.8374,0.609
P,random,4096,8,1.1087,1.0512,1.2125,1.0586,1.1787,6.720
P,random,6144,8,1.0858,1.0504,1.2104,1.0576,1.1755,6.862
P,random,8192,8,1.0728,1.0622,1.1417,1.0641,1.1238,6.945
P,random,12288,8,1.1072,1.0654,1.2396,1.0663,1.2161,6.729
P,random,16384,8,1.2271,1.0715,1.2465,1.0823,1.2421,6.072
P,random,24576,8,1.1571,1.0756,1.2460,1.0994,1.2308,6.439
P,random,32768,8,1.1068,1.0454,1.2062,1.0752,1.1564,6.731
P,random,49152,8,1.1909,1.0688,1.2896,1.0835,1.2699,6.256
P,random,65536,8,1.1313,1.0882,1.3020,1.1000,1.2831,6.586
P,random,98304,8,1.1228,1.1026,1.3218,1.1105,1.2380,6.636
P,random,131072,8,1.1022,1.0883,1.1421,1.0955,1.1380,6.760
P,random,196608,8,1.1304,1.1148,1.2413,1.1167,1.2254,6.591
P,random,262144,8,1.1713,1.1102,1.2573,1.1290,1.2285,6.361
P,random,393216,8,1.2074,1.1357,1.3338,1.1468,1.3096,6.171
P,random,524288,8,1.2534,1.1753,1.4145,1.1957,1.3307,5.944
P,random,786432,8,1.3333,1.1501,1.4340,1.1795,1.4270,5.588
P,random,1048576,8,1.3261,1.2527,1.4164,1.2527,1.4115,5.618
P,random,1572864,8,1.6112,1.4519,1.7829,1.5182,1.7579,4.624
P,random,2097152,8,1.9463,1.8673,2.0924,1.8739,2.0860,3.828
P,random,3145728,8,2.7318,2.4206,3.1169,2.5359,3.0240,2.727
P,random,4194304,8,3.6272,3.3888,3.7091,3.5289,3.6803,2.054
P,random,6291456,8,5.1209,4.1525,6.0240,4.2492,5.9756,1.455
P,random,8388608,8,7.8562,7.2807,8.5214,7.3216,8.4485,0.948
P,random,12582912,8,9.8824,9.4398,10.2318,9.6601,10.1677,0.754
P,random,16777216,8,10.3427,10.1622,11.1891,10.2408,10.7739,0.720
P,random,25165824,8,12.2522,11.9437,12.7187,11.9460,12.5600,0.608
P,random,33554432,8,12.9602,12.7342,13.2366,12.7476,13.1149,0.575
P,random,50331648,8,13.8816,13.7321,14.7019,13.7812,14.2265,0.537
P,random,67108864,8,14.5850,14.3427,14.9456,14.4917,14.8058,0.511
P,random,100663296,8,15.3351,15.1813,15.8228,15.2503,15.6793,0.486
P,random,134217728,8,15.6117,15.5499,15.8991,15.5638,15.7808,0.477
P,random,201326592,8,16.2797,16.0760,17.2397,16.1500,16.7751,0.458
P,random,268435456,8,16.7701,16.5521,17.2357,16.6482,16.9900,0.444
P,stride_1,4096,8,1.4004,1.3449,1.5137,1.3811,1.5015,5.320
P,stride_1,6144,8,1.4028,1.3395,1.5428,1.3480,1.5221,5.311
P,stride_1,8192,8,1.4592,1.3226,1.4971,1.3585,1.4821,5.106
P,stride_1,12288,8,1.3330,1.3074,1.4467,1.3077,1.3711,5.589
P,stride_1,16384,8,1.3592,1.3302,1.4359,1.3303,1.4348,5.482
P,stride_1,24576,8,1.3499,1.3081,1.5060,1.3187,1.4440,5.519
P,stride_1,32768,8,1.3825,1.2953,1.5736,1.3141,1.5143,5.389
P,stride_1,49152,8,1.3302,1.2974,1.3757,1.3171,1.3724,5.601
P,stride_1,65536,8,1.3949,1.3125,1.5109,1.3203,1.5063,5.341
P,stride_1,98304,8,1.3555,1.3107,1.4301,1.3179,1.4124,5.497
P,stride_1,131072,8,1.4242,1.3450,1.5673,1.3644,1.4782,5.232
P,stride_1,196608,8,1.3986,1.3259,1.5842,1.3483,1.4887,5.327
P,stride_1,262144,8,1.3876,1.3236,1.6264,1.3407,1.5142,5.369
P,stride_1,393216,8,1.3625,1.3391,1.4519,1.3454,1.3922,5.468
P,stride_1,524288,8,1.4853,1.3291,1.5438,1.3561,1.5240,5.016
P,stride_1,786432,8,1.3936,1.3325,1.6019,1.3409,1.5661,5.346
P,stride_1,1048576,8,1.3874,1.3608,1.5823,1.3628,1.4761,5.370
P,stride_1,1572864,8,1.4198,1.3766,1.4830,1.3858,1.4410,5.248
P,stride_1,2097152,8,1.4840,1.4360,1.6494,1.4465,1.5477,5.021
P,stride_1,3145728,8,1.6895,1.4778,1.7771,1.5259,1.7380,4.410
P,stride_1,4194304,8,1.7188,1.6155,1.8349,1.6449,1.8250,4.335
P,stride_1,6291456,8,1.8377,1.5613,1.9914,1.6261,1.9564,4.054
P,stride_1,8388608,8,1.9852,1.7410,2.0623,1.7779,2.0099,3.753
P,stride_1,12582912,8,1.9497,1.5886,2.1081,1.7450,2.0675,3.821
P,stride_1,16777216,8,1.9404,1.8270,2.0698,1.8573,2.0119,3.840
P,stride_1,25165824,8,2.1219,1.8664,2.1805,1.9880,2.1764,3.511
P,stride_1,33554432,8,2.0024,1.9171,2.0606,1.9495,2.0468,3.721
P,stride_1,50331648,8,2.0550,1.9740,2.1720,2.0035,2.1713,3.626
P,stride_1,67108864,8,1.9881,1.8613,2.1504,1.9155,2.1409,3.748
P,stride_1,100663296,8,2.0230,1.9560,2.1211,1.9683,2.0622,3.683
P,stride_1,134217728,8,1.9968,1.9273,2.1801,1.9763,2.0890,3.731
P,stride_1,201326592,8,1.9840,1.8868,2.1177,1.8980,2.0732,3.755
P,stride_1,268435456,8,2.1341,1.9827,2.1543,2.0371,2.1542,3.491
P,stride_17,4096,8,1.3518,1.3394,1.4148,1.3462,1.4011,5.511
P,stride_17,6144,8,1.3790,1.3191,1.4883,1.3224,1.4574,5.403
P,stride_17,8192,8,1.4159,1.3217,1.4734,1.3785,1.4410,5.262
P,stride_17,12288,8,1.3578,1.3296,1.4301,1.3308,1.4170,5.487
P,stride_17,16384,8,1.3560,1.3028,1.4343,1.3291,1.3801,5.495
P,stride_17,24576,8,1.3923,1.3334,1.5775,1.3526,1.4973,5.351
P,stride_17,32768,8,1.4138,1.3347,1.5123,1.3494,1.4676,5.270
P,stride_17,49152,8,1.4297,1.3359,1.4943,1.3473,1.4941,5.211
P,stride_17,65536,8,1.4417,1.3514,1.5161,1.3808,1.5063,5.168
P,stride_17,98304,8,1.4063,1.3288,1.5324,1.3402,1.4775,5.298
P,stride_17,131072,8,1.4507,1.3326,1.6004,1.3453,1.5424,5.136
P,stride_17,196608,8,1.3772,1.3040,1.6147,1.3121,1.4816,5.410
P,stride_17,262144,8,1.3297,1.3144,1.3900,1.3157,1.3535,5.603
P,stride_17,393216,8,1.3630,1.3296,1.5145,1.3302,1.4268,5.466
P,stride_17,524288,8,1.3904,1.3592,1.5454,1.3722,1.5021,5.359
P,stride_17,786432,8,1.4208,1.3884,1.5778,1.3925,1.5080,5.244
P,stride_17,1048576,8,1.4260,1.3717,1.5065,1.3933,1.5022,5.225
P,stride_17,1572864,8,1.6237,1.4294,1.6917,1.5272,1.6631,4.589
P,stride_17,2097152,8,1.7069,1.6083,1.8253,1.6277,1.7975,4.365
P,stride_17,3145728,8,2.6064,2.5452,3.0236,2.5563,2.9989,2.859
P,stride_17,4194304,8,3.3848,3.0371,3.5787,3.1418,3.4638,2.201
P,stride_17,6291456,8,3.9544,3.5451,4.4240,3.5485,4.2534,1.884
P,stride_17,8388608,8,3.8025,3.4887,4.1016,3.6158,3.9963,1.959
P,stride_17,12582912,8,4.9608,4.6171,5.2259,4.6976,5.2209,1.502
P,stride_17,16777216,8,5.6175,5.3478,6.0190,5.4174,5.9974,1.326
P,stride_17,25165824,8,6.7921,6.5016,7.1181,6.5960,7.0194,1.097
P,stride_17,33554432,8,7.6882,7.4900,7.9468,7.5103,7.7636,0.969
P,stride_17,50331648,8,8.1384,8.0602,8.2703,8.0875,8.2441,0.915
P,stride_17,67108864,8,8.3740,8.1620,8.5593,8.2969,8.4463,0.890
P,stride_17,100663296,8,8.4007,8.3378,8.4994,8.3439,8.4808,0.887
P,stride_17,134217728,8,8.6396,8.4621,8.7353,8.4627,8.7151,0.862
P,stride_17,201326592,8,8.5282,8.4408,8.9104,8.4479,8.7366,0.874
P,stride_17,268435456,8,8.6947,8.6223,8.8062,8.6260,8.7938,0.857
P,stride_1_bis,4096,8,1.3591,1.3358,1.4185,1.3428,1.3809,5.482
P,stride_1_bis,6144,8,1.3719,1.3439,1.4687,1.3560,1.4063,5.431
P,stride_1_bis,8192,8,1.4368,1.3604,1.5171,1.3675,1.4749,5.186
P,stride_1_bis,12288,8,1.5386,1.3423,1.6378,1.4405,1.5814,4.843
P,stride_1_bis,16384,8,1.3545,1.3204,1.3889,1.3242,1.3883,5.501
P,stride_1_bis,24576,8,1.3722,1.3386,1.4495,1.3496,1.4285,5.430
P,stride_1_bis,32768,8,1.3919,1.3445,1.4620,1.3475,1.4357,5.353
P,stride_1_bis,49152,8,1.3515,1.3175,1.4985,1.3220,1.4058,5.513
P,stride_1_bis,65536,8,1.4313,1.3581,1.4810,1.3913,1.4641,5.206
P,stride_1_bis,98304,8,1.3839,1.3453,1.4876,1.3547,1.4300,5.384
P,stride_1_bis,131072,8,1.4429,1.3326,1.5069,1.3672,1.4997,5.164
P,stride_1_bis,196608,8,1.3790,1.3365,1.4841,1.3369,1.4702,5.403
P,stride_1_bis,262144,8,1.3673,1.3162,1.5565,1.3322,1.4631,5.449
P,stride_1_bis,393216,8,1.5095,1.3492,1.6232,1.3776,1.6176,4.936
P,stride_1_bis,524288,8,1.4199,1.3565,1.4928,1.3625,1.4735,5.247
P,stride_1_bis,786432,8,1.3760,1.3534,1.6193,1.3627,1.5268,5.415
P,stride_1_bis,1048576,8,1.4146,1.3448,1.4374,1.3762,1.4290,5.267
P,stride_1_bis,1572864,8,1.4498,1.3513,1.5100,1.3535,1.4842,5.139
P,stride_1_bis,2097152,8,1.5701,1.5123,1.6766,1.5342,1.6392,4.745
P,stride_1_bis,3145728,8,1.6775,1.5843,1.7115,1.6293,1.6918,4.441
P,stride_1_bis,4194304,8,1.7201,1.6200,1.9200,1.6617,1.7807,4.332
P,stride_1_bis,6291456,8,1.7295,1.5784,1.9187,1.6381,1.8830,4.308
P,stride_1_bis,8388608,8,1.9458,1.8800,2.0087,1.9211,1.9747,3.829
P,stride_1_bis,12582912,8,1.9678,1.8124,2.0866,1.8220,2.0532,3.786
P,stride_1_bis,16777216,8,1.9903,1.8606,2.1605,1.9054,2.1115,3.743
P,stride_1_bis,25165824,8,1.9532,1.8043,2.0165,1.8793,2.0159,3.815
P,stride_1_bis,33554432,8,2.0822,1.9816,2.1209,2.0083,2.1079,3.578
P,stride_1_bis,50331648,8,2.0243,1.9724,2.0699,1.9842,2.0541,3.681
P,stride_1_bis,67108864,8,2.0926,1.9562,2.1320,1.9946,2.1114,3.561
P,stride_1_bis,100663296,8,2.0022,1.8525,2.1603,1.8740,2.1522,3.721
P,stride_1_bis,134217728,8,2.0541,2.0049,2.0863,2.0075,2.0751,3.627
P,stride_1_bis,201326592,8,2.0602,1.9083,2.1727,1.9697,2.1050,3.616
P,stride_1_bis,268435456,8,2.0404,2.0276,2.1127,2.0308,2.0684,3.652
P,stride_1_double,4096,8,1.3807,1.3391,1.3995,1.3462,1.3962,5.396
P,stride_1_double,6144,8,1.3567,1.3214,1.4472,1.3245,1.4093,5.492
P,stride_1_double,8192,8,1.3910,1.3031,1.4455,1.3406,1.4260,5.356
P,stride_1_double,12288,8,1.3979,1.3015,1.5856,1.3216,1.5143,5.330
P,stride_1_double,16384,8,1.3824,1.3296,1.4262,1.3353,1.4157,5.390
P,stride_1_double,24576,8,1.3409,1.3204,1.4170,1.3212,1.3861,5.556
P,stride_1_double,32768,8,1.3698,1.3090,1.5116,1.3189,1.4986,5.439
P,stride_1_double,49152,8,1.3568,1.3001,1.4480,1.3026,1.4186,5.491
P,stride_1_double,65536,8,1.3542,1.3086,1.4831,1.3268,1.4020,5.502
P,stride_1_double,98304,8,1.4060,1.3650,1.4663,1.3777,1.4409,5.299
P,stride_1_double,131072,8,1.3660,1.3343,1.4112,1.3446,1.4045,5.454
P,stride_1_double,196608,8,1.3664,1.3100,1.5100,1.3350,1.4929,5.453
P,stride_1_double,262144,8,1.3586,1.3218,1.4800,1.3384,1.4569,5.484
P,stride_1_double,393216,8,1.4069,1.3230,1.5663,1.3748,1.4787,5.296
P,stride_1_double,524288,8,1.4262,1.3195,1.6338,1.3444,1.5433,5.224
P,stride_1_double,786432,8,1.3335,1.3162,1.3468,1.3232,1.3422,5.587
P,stride_1_double,1048576,8,1.3969,1.3277,1.4875,1.3529,1.4358,5.334
P,stride_1_double,1572864,8,1.4086,1.3668,1.5418,1.3688,1.5290,5.289
P,stride_1_double,2097152,8,1.3654,1.3375,1.5516,1.3511,1.4687,5.457
P,stride_1_double,3145728,8,1.5316,1.4577,1.6024,1.4829,1.5608,4.865
P,stride_1_double,4194304,8,1.6617,1.4630,1.8210,1.5897,1.7634,4.484
P,stride_1_double,6291456,8,1.7305,1.6720,1.8289,1.6847,1.8042,4.305
P,stride_1_double,8388608,8,1.7631,1.6671,1.8762,1.6986,1.8555,4.226
P,stride_1_double,12582912,8,2.0118,1.9986,2.1130,2.0066,2.0565,3.703
P,stride_1_double,16777216,8,1.9264,1.8750,2.0601,1.8843,2.0011,3.868
P,stride_1_double,25165824,8,2.0637,1.9570,2.0802,2.0118,2.0756,3.610
P,stride_1_double,33554432,8,2.0707,1.9776,2.1342,2.0002,2.1205,3.598
P,stride_1_double,50331648,8,2.0821,1.9991,2.1421,2.0385,2.1360,3.578
P,stride_1_double,67108864,8,2.0602,1.9422,2.1173,1.9688,2.1113,3.616
P,stride_1_double,100663296,8,2.0301,1.9507,2.1132,1.9717,2.0993,3.670
P,stride_1_double,134217728,8,1.9833,1.9282,2.0102,1.9302,2.0072,3.757
P,stride_1_double,201326592,8,2.0682,1.9770,2.1116,2.0325,2.0861,3.603
P,stride_1_double,268435456,8,2.0581,1.9444,2.1451,2.0047,2.1332,3.620
P,stride_4097,4096,8,1.4257,1.3299,1.5559,1.3478,1.5525,5.226
P,stride_4097,6144,8,1.3472,1.3165,1.4325,1.3340,1.4159,5.531
P,stride_4097,8192,8,1.3651,1.3058,1.4779,1.3381,1.4089,5.458
P,stride_4097,12288,8,1.4704,1.3115,1.5326,1.3506,1.5101,5.067
P,stride_4097,16384,8,1.4058,1.3086,1.5611,1.3441,1.5271,5.300
P,stride_4097,24576,8,1.3923,1.3099,1.5290,1.3167,1.4701,5.351
P,stride_4097,32768,8,1.4404,1.3359,1.5229,1.3833,1.5180,5.173
P,stride_4097,49152,8,1.3791,1.3472,1.4389,1.3513,1.4284,5.402
P,stride_4097,65536,8,1.4217,1.3698,1.5250,1.3950,1.4783,5.241
P,stride_4097,98304,8,1.4649,1.4216,1.5128,1.4294,1.5039,5.086
P,stride_4097,131072,8,1.4084,1.3662,1.4671,1.3805,1.4638,5.290
P,stride_4097,196608,8,1.4391,1.3878,1.4870,1.3944,1.4840,5.177
P,stride_4097,262144,8,1.3595,1.3492,1.3945,1.3545,1.3836,5.481
P,stride_4097,393216,8,1.4047,1.3780,1.4437,1.3831,1.4320,5.304
P,stride_4097,524288,8,1.5309,1.4908,1.5787,1.5078,1.5722,4.867
P,stride_4097,786432,8,1.4506,1.3981,1.5798,1.4133,1.5436,5.136
P,stride_4097,1048576,8,1.5257,1.3923,1.7951,1.4282,1.6207,4.884
P,stride_4097,1572864,8,1.5680,1.4371,1.6377,1.4511,1.6253,4.752
P,stride_4097,2097152,8,1.5809,1.4950,1.6258,1.5400,1.6068,4.713
P,stride_4097,3145728,8,1.9577,1.8209,2.0452,1.8994,2.0207,3.806
P,stride_4097,4194304,8,1.8856,1.8041,2.0235,1.8495,2.0181,3.951
P,stride_4097,6291456,8,2.5928,2.4198,2.8695,2.5061,2.7550,2.874
P,stride_4097,8388608,8,3.2713,2.7064,3.9093,2.8796,3.6512,2.278
P,stride_4097,12582912,8,5.8777,5.6799,6.1095,5.7523,6.0775,1.268
P,stride_4097,16777216,8,6.6533,6.3390,6.8448,6.3510,6.8150,1.120
P,stride_4097,25165824,8,7.6489,7.3950,7.8473,7.4453,7.7395,0.974
P,stride_4097,33554432,8,6.6990,6.4784,6.8271,6.5328,6.7751,1.112
P,stride_4097,50331648,8,7.9455,7.7449,7.9932,7.7550,7.9616,0.938
P,stride_4097,67108864,8,6.7971,6.6963,7.0002,6.7047,6.9479,1.096
P,stride_4097,100663296,8,8.2642,8.1394,8.8089,8.1632,8.4846,0.902
P,stride_4097,134217728,8,6.8166,6.6854,6.9357,6.7140,6.8976,1.093
P,stride_4097,201326592,8,8.6359,8.4679,9.4070,8.5452,9.1446,0.863
P,stride_4097,268435456,8,7.4711,7.3952,7.7518,7.3964,7.6642,0.997
P,stride_513,4096,8,1.3918,1.3323,1.4591,1.3532,1.4353,5.353
P,stride_513,6144,8,1.3987,1.3122,1.5429,1.3391,1.5283,5.327
P,stride_513,8192,8,1.3455,1.3062,1.6556,1.3303,1.4707,5.538
P,stride_513,12288,8,1.4216,1.3104,1.5337,1.3227,1.4946,5.241
P,stride_513,16384,8,1.3780,1.3438,1.5733,1.3458,1.5632,5.407
P,stride_513,24576,8,1.4178,1.3165,1.5525,1.3268,1.4820,5.255
P,stride_513,32768,8,1.4201,1.3475,1.4815,1.3497,1.4647,5.247
P,stride_513,49152,8,1.3925,1.3488,1.4439,1.3538,1.4322,5.351
P,stride_513,65536,8,1.4516,1.3705,1.4872,1.4112,1.4858,5.133
P,stride_513,98304,8,1.5031,1.3938,1.7235,1.4554,1.6895,4.957
P,stride_513,131072,8,1.3882,1.3780,1.4099,1.3835,1.4001,5.367
P,stride_513,196608,8,1.4565,1.3792,1.6351,1.3815,1.6322,5.115
P,stride_513,262144,8,1.4573,1.3804,1.5397,1.3830,1.4897,5.112
P,stride_513,393216,8,1.4606,1.3976,1.5627,1.4089,1.5197,5.101
P,stride_513,524288,8,1.4790,1.4233,1.7041,1.4582,1.6487,5.038
P,stride_513,786432,8,1.4406,1.4173,1.5306,1.4283,1.4675,5.172
P,stride_513,1048576,8,1.6190,1.5395,1.7031,1.5874,1.6814,4.602
P,stride_513,1572864,8,1.5423,1.4398,1.6324,1.4732,1.6095,4.831
P,stride_513,2097152,8,1.8776,1.7490,2.3400,1.8107,2.0563,3.968
P,stride_513,3145728,8,1.8339,1.7704,1.9837,1.7934,1.8915,4.063
P,stride_513,4194304,8,2.4963,2.1304,2.8679,2.2291,2.6727,2.985
P,stride_513,6291456,8,2.2274,2.1527,2.6261,2.1751,2.3953,3.345
P,stride_513,8388608,8,3.1837,2.8733,3.5537,3.0207,3.3199,2.340
P,stride_513,12582912,8,6.8026,6.5084,6.9235,6.5633,6.8452,1.095
P,stride_513,16777216,8,7.7757,7.2876,8.5004,7.5805,8.1433,0.958
P,stride_513,25165824,8,9.3781,8.6952,10.4139,8.9510,10.0813,0.794
P,stride_513,33554432,8,10.1673,9.3915,10.3618,9.6434,10.3318,0.733
P,stride_513,50331648,8,11.7673,11.3244,12.1232,11.4304,12.0208,0.633
P,stride_513,67108864,8,11.2527,11.0796,11.6545,11.1002,11.4079,0.662
P,stride_513,100663296,8,12.5297,12.4438,12.7021,12.4716,12.5844,0.595
P,stride_513,134217728,8,11.6636,11.2412,11.8276,11.3930,11.7903,0.639
P,stride_513,201326592,8,13.0214,12.8276,13.3347,12.8973,13.1260,0.572
P,stride_513,268435456,8,12.3199,12.0682,12.3532,12.1761,12.3472,0.605
E,pair_same_line,4096,8,2.6473,2.6416,2.6570,2.6422,2.6539,5.629
E,pair_same_line,6144,8,2.6581,2.6447,2.6755,2.6462,2.6680,5.606
E,pair_same_line,8192,8,2.6516,2.6459,2.7617,2.6487,2.6901,5.620
E,pair_same_line,12288,8,2.6476,2.6420,2.6803,2.6422,2.6576,5.628
E,pair_same_line,16384,8,2.6461,2.6422,2.6692,2.6444,2.6563,5.631
E,pair_same_line,24576,8,2.6495,2.6433,2.6797,2.6437,2.6669,5.624
E,pair_same_line,32768,8,2.6723,2.6448,2.7316,2.6474,2.7229,5.576
E,pair_same_line,49152,8,2.7578,2.7431,2.7707,2.7443,2.7630,5.403
E,pair_same_line,65536,8,2.8077,2.7945,2.8501,2.7994,2.8239,5.307
E,pair_same_line,98304,8,2.8639,2.8466,2.8754,2.8470,2.8683,5.203
E,pair_same_line,131072,8,2.8740,2.8577,2.9131,2.8619,2.8911,5.185
E,pair_same_line,196608,8,2.8952,2.8696,2.9533,2.8725,2.9197,5.147
E,pair_same_line,262144,8,2.9984,2.9165,3.0526,2.9342,3.0434,4.970
E,pair_same_line,393216,8,3.0255,2.9709,3.0779,2.9844,3.0583,4.925
E,pair_same_line,524288,8,3.1274,3.0199,3.1778,3.0799,3.1604,4.765
E,pair_same_line,786432,8,3.1735,3.0468,3.2495,3.1066,3.2259,4.695
E,pair_same_line,1048576,8,3.2330,3.0758,3.4178,3.1513,3.3101,4.609
E,pair_same_line,1572864,8,3.8656,3.6216,4.2380,3.7350,4.0365,3.855
E,pair_same_line,2097152,8,4.9625,4.4995,5.3502,4.6242,5.2615,3.003
E,pair_same_line,3145728,8,5.0869,4.6947,5.5404,4.7943,5.3803,2.929
E,pair_same_line,4194304,8,5.7099,5.1009,7.2646,5.2229,6.6106,2.610
E,pair_same_line,6291456,8,7.3010,6.6402,7.9976,6.9711,7.9746,2.041
E,pair_same_line,8388608,8,9.5624,7.1237,10.6799,8.5647,10.1313,1.558
E,pair_same_line,12582912,8,14.3048,12.7101,15.0931,12.8703,14.8936,1.042
E,pair_same_line,16777216,8,19.0705,18.6532,19.8126,18.7517,19.3401,0.781
E,pair_same_line,25165824,8,22.7736,22.3167,23.1803,22.3696,23.1628,0.654
E,pair_same_line,33554432,8,24.4060,24.1410,24.5363,24.2955,24.4660,0.611
E,pair_same_line,50331648,8,25.4335,25.2972,25.6505,25.3138,25.5231,0.586
E,pair_same_line,67108864,8,26.0889,25.9621,26.1899,25.9755,26.1878,0.571
E,pair_same_line,100663296,8,27.0937,27.0364,27.3095,27.0368,27.2401,0.550
E,pair_same_line,134217728,8,27.7815,27.6308,28.0126,27.7194,27.9447,0.536
E,pair_same_line,201326592,8,28.9580,28.7859,29.7340,28.8077,29.5719,0.515
E,pair_same_line,268435456,8,30.0984,29.8976,30.5706,29.8984,30.5578,0.495
E,pair_split_line,4096,8,2.7456,2.7414,2.7551,2.7426,2.7500,5.427
E,pair_split_line,6144,8,2.7592,2.7561,2.7738,2.7568,2.7666,5.400
E,pair_split_line,8192,8,2.7567,2.7517,2.8101,2.7529,2.7721,5.405
E,pair_split_line,12288,8,2.7572,2.7542,2.7597,2.7543,2.7592,5.404
E,pair_split_line,16384,8,2.7637,2.7593,2.7832,2.7599,2.7817,5.392
E,pair_split_line,24576,8,2.7934,2.7566,2.8158,2.7608,2.8158,5.334
E,pair_split_line,32768,8,2.7638,2.7622,2.7788,2.7627,2.7704,5.392
E,pair_split_line,49152,8,2.9933,2.9673,3.0815,2.9769,3.0601,4.978
E,pair_split_line,65536,8,3.0426,3.0405,3.0753,3.0417,3.0553,4.898
E,pair_split_line,98304,8,3.1111,3.1054,3.1519,3.1070,3.1220,4.790
E,pair_split_line,131072,8,3.1563,3.1505,3.1919,3.1538,3.1701,4.721
E,pair_split_line,196608,8,3.1890,3.1665,3.2165,3.1685,3.2030,4.673
E,pair_split_line,262144,8,3.2885,3.2491,3.2999,3.2667,3.2954,4.531
E,pair_split_line,393216,8,3.4723,3.3693,3.5099,3.3749,3.4905,4.291
E,pair_split_line,524288,8,3.4673,3.4282,3.5121,3.4399,3.5007,4.298
E,pair_split_line,786432,8,3.5393,3.4933,3.5712,3.5058,3.5514,4.210
E,pair_split_line,1048576,8,3.6864,3.6425,3.7619,3.6501,3.7418,4.042
E,pair_split_line,1572864,8,4.2868,4.0963,4.3973,4.1499,4.3636,3.476
E,pair_split_line,2097152,8,4.8025,4.6573,5.0752,4.7000,5.0475,3.103
E,pair_split_line,3145728,8,5.9839,5.5442,6.3390,5.6393,6.1800,2.490
E,pair_split_line,4194304,8,6.6410,6.5205,6.9892,6.5576,6.8605,2.244
E,pair_split_line,6291456,8,8.4859,8.2238,8.9420,8.2680,8.7026,1.756
E,pair_split_line,8388608,8,9.9824,8.3677,10.2440,8.5628,10.1353,1.493
E,pair_split_line,12582912,8,12.9651,12.5765,13.8353,12.6576,13.6309,1.149
E,pair_split_line,16777216,8,19.2088,18.2624,19.8904,18.7452,19.5532,0.776
E,pair_split_line,25165824,8,25.2496,24.7045,26.1694,24.8017,26.1567,0.590
E,pair_split_line,33554432,8,29.1293,28.5520,29.8112,28.9116,29.3939,0.512
E,pair_split_line,50331648,8,34.0501,33.4618,34.6639,33.6922,34.4733,0.438
E,pair_split_line,67108864,8,36.7386,36.1815,37.0246,36.4767,37.0223,0.406
E,pair_split_line,100663296,8,40.9661,40.5473,41.3978,40.6191,41.3072,0.364
E,pair_split_line,134217728,8,43.5346,43.1712,43.8148,43.1801,43.8102,0.342
E,pair_split_line,201326592,8,45.9474,45.5240,46.9050,45.5807,46.9021,0.324
E,pair_split_line,268435456,8,48.2588,47.9563,49.0723,47.9710,48.8364,0.309
E,random,4096,8,1.9684,1.9671,1.9775,1.9672,1.9764,3.785
E,random,6144,8,1.9698,1.9681,1.9745,1.9687,1.9743,3.782
E,random,8192,8,1.9706,1.9680,1.9869,1.9687,1.9793,3.781
E,random,12288,8,1.9703,1.9683,1.9940,1.9686,1.9840,3.782
E,random,16384,8,1.9686,1.9681,1.9810,1.9682,1.9750,3.785
E,random,24576,8,1.9843,1.9682,2.0142,1.9695,1.9990,3.755
E,random,32768,8,1.9763,1.9694,1.9910,1.9727,1.9894,3.770
E,random,49152,8,2.0203,2.0146,2.0257,2.0163,2.0253,3.688
E,random,65536,8,2.0317,2.0155,2.0471,2.0238,2.0398,3.667
E,random,98304,8,2.0364,2.0285,2.0450,2.0290,2.0390,3.659
E,random,131072,8,2.0479,2.0346,2.0601,2.0416,2.0554,3.638
E,random,196608,8,2.0643,2.0256,2.0932,2.0495,2.0926,3.609
E,random,262144,8,2.0861,2.0604,2.1817,2.0642,2.1151,3.571
E,random,393216,8,2.1232,2.0778,2.1741,2.0997,2.1424,3.509
E,random,524288,8,2.1122,2.0600,2.2873,2.0705,2.2408,3.527
E,random,786432,8,2.1369,2.0656,2.2599,2.0771,2.1941,3.487
E,random,1048576,8,2.3235,2.2308,2.4442,2.2548,2.3984,3.207
E,random,1572864,8,2.7834,2.3517,2.9950,2.5068,2.9387,2.677
E,random,2097152,8,3.1810,2.8230,3.3926,2.8365,3.3262,2.342
E,random,3145728,8,4.0495,3.2355,4.5402,3.5541,4.3358,1.840
E,random,4194304,8,3.6673,3.4208,4.6008,3.4791,4.2438,2.032
E,random,6291456,8,5.9457,5.2131,6.6864,5.2787,6.4732,1.253
E,random,8388608,8,7.1379,6.4506,8.0752,6.8876,7.4166,1.044
E,random,12582912,8,10.7440,9.7602,11.5625,10.0635,11.4814,0.693
E,random,16777216,8,14.1890,13.4016,14.7369,13.9426,14.5294,0.525
E,random,25165824,8,16.6765,16.6135,16.8663,16.6511,16.7432,0.447
E,random,33554432,8,17.7778,17.7653,18.1635,17.7663,18.1281,0.419
E,random,50331648,8,19.6790,19.1283,19.9463,19.3487,19.9319,0.379
E,random,67108864,8,20.7055,20.3508,21.1646,20.5309,21.0744,0.360
E,random,100663296,8,22.6046,22.4028,23.1031,22.4595,22.9735,0.330
E,random,134217728,8,23.9395,23.5934,24.0325,23.6515,23.9920,0.311
E,random,201326592,8,25.3564,25.2562,26.0373,25.3270,25.6177,0.294
E,random,268435456,8,26.7700,26.6386,26.9015,26.6602,26.8983,0.278
E,stride_1,4096,8,2.1267,2.1263,2.1274,2.1263,2.1270,3.503
E,stride_1,6144,8,2.1281,2.1277,2.1611,2.1280,2.1382,3.501
E,stride_1,8192,8,2.1275,2.1257,2.1545,2.1261,2.1427,3.502
E,stride_1,12288,8,2.1335,2.1257,2.1982,2.1261,2.1690,3.492
E,stride_1,16384,8,2.1278,2.1270,2.1323,2.1273,2.1303,3.502
E,stride_1,24576,8,2.1289,2.1261,2.1298,2.1272,2.1294,3.500
E,stride_1,32768,8,2.1308,2.1271,2.1428,2.1281,2.1351,3.497
E,stride_1,49152,8,2.1316,2.1283,2.1467,2.1293,2.1375,3.495
E,stride_1,65536,8,2.1305,2.1276,2.1423,2.1285,2.1347,3.497
E,stride_1,98304,8,2.1315,2.1269,2.1428,2.1289,2.1376,3.495
E,stride_1,131072,8,2.1453,2.1317,2.1524,2.1379,2.1504,3.473
E,stride_1,196608,8,2.1300,2.1276,2.1332,2.1279,2.1324,3.498
E,stride_1,262144,8,2.1296,2.1288,2.1570,2.1289,2.1376,3.499
E,stride_1,393216,8,2.1463,2.1350,2.1561,2.1353,2.1545,3.471
E,stride_1,524288,8,2.1395,2.1355,2.1528,2.1378,2.1495,3.482
E,stride_1,786432,8,2.1413,2.1287,2.2137,2.1326,2.2026,3.479
E,stride_1,1048576,8,2.1546,2.1484,2.1579,2.1500,2.1567,3.458
E,stride_1,1572864,8,2.1773,2.1608,2.2104,2.1647,2.1942,3.422
E,stride_1,2097152,8,2.1894,2.1600,2.3092,2.1637,2.2497,3.403
E,stride_1,3145728,8,2.1751,2.1475,2.3191,2.1517,2.2836,3.425
E,stride_1,4194304,8,2.3235,2.2479,2.3719,2.2801,2.3448,3.207
E,stride_1,6291456,8,2.3119,2.2711,2.3658,2.2939,2.3540,3.223
E,stride_1,8388608,8,2.3915,2.3010,2.4849,2.3489,2.4442,3.115
E,stride_1,12582912,8,2.4017,2.3640,2.4194,2.3706,2.4120,3.102
E,stride_1,16777216,8,2.4099,2.3691,2.5110,2.3787,2.4495,3.092
E,stride_1,25165824,8,2.4397,2.4067,2.4481,2.4250,2.4426,3.054
E,stride_1,33554432,8,2.4901,2.4602,2.5112,2.4743,2.4995,2.992
E,stride_1,50331648,8,2.5022,2.4602,2.5158,2.4866,2.5096,2.978
E,stride_1,67108864,8,2.5143,2.4880,2.5501,2.4970,2.5400,2.963
E,stride_1,100663296,8,2.5147,2.5051,2.5227,2.5093,2.5207,2.963
E,stride_1,134217728,8,2.5164,2.5130,2.5295,2.5137,2.5211,2.961
E,stride_1,201326592,8,2.5349,2.5180,2.5707,2.5217,2.5482,2.939
E,stride_1,268435456,8,2.5208,2.5156,2.5326,2.5168,2.5324,2.956
E,stride_17,4096,8,2.1336,2.1271,2.1620,2.1282,2.1475,3.492
E,stride_17,6144,8,2.1286,2.1277,2.1858,2.1282,2.1484,3.500
E,stride_17,8192,8,2.1287,2.1264,2.1528,2.1268,2.1406,3.500
E,stride_17,12288,8,2.1296,2.1281,2.1311,2.1282,2.1310,3.499
E,stride_17,16384,8,2.1311,2.1263,2.1442,2.1268,2.1415,3.496
E,stride_17,24576,8,2.1321,2.1267,2.1470,2.1277,2.1389,3.495
E,stride_17,32768,8,2.1449,2.1303,2.1595,2.1355,2.1557,3.474
E,stride_17,49152,8,2.2015,2.2003,2.2588,2.2005,2.2534,3.384
E,stride_17,65536,8,2.1870,2.1834,2.2527,2.1837,2.2100,3.407
E,stride_17,98304,8,2.2009,2.1911,2.2039,2.1921,2.2034,3.385
E,stride_17,131072,8,2.2021,2.1926,2.2315,2.1975,2.2134,3.383
E,stride_17,196608,8,2.2135,2.2052,2.2204,2.2063,2.2175,3.366
E,stride_17,262144,8,2.2284,2.2061,2.2563,2.2111,2.2486,3.343
E,stride_17,393216,8,2.2260,2.2035,2.2590,2.2087,2.2433,3.347
E,stride_17,524288,8,2.2271,2.2038,2.2489,2.2171,2.2397,3.345
E,stride_17,786432,8,2.2745,2.2491,2.3332,2.2631,2.2908,3.276
E,stride_17,1048576,8,2.2537,2.2242,2.3863,2.2298,2.3185,3.306
E,stride_17,1572864,8,2.3389,2.2921,2.4985,2.3065,2.4281,3.185
E,stride_17,2097152,8,2.5038,2.3906,2.6004,2.4117,2.5949,2.976
E,stride_17,3145728,8,2.8675,2.7642,3.0093,2.7702,2.9448,2.598
E,stride_17,4194304,8,3.1501,3.0682,3.2599,3.0872,3.1813,2.365
E,stride_17,6291456,8,3.5628,3.4677,3.7605,3.4914,3.7268,2.091
E,stride_17,8388608,8,4.7267,4.4192,5.5382,4.5811,5.0542,1.576
E,stride_17,12582912,8,5.0596,4.8712,5.8501,4.9685,5.8393,1.473
E,stride_17,16777216,8,7.5641,6.7769,7.8324,6.7961,7.7775,0.985
E,stride_17,25165824,8,9.4634,9.1508,10.0421,9.1958,9.8135,0.787
E,stride_17,33554432,8,10.9213,10.6075,11.3328,10.6399,11.2450,0.682
E,stride_17,50331648,8,12.5992,12.5486,13.0428,12.5609,12.8966,0.591
E,stride_17,67108864,8,13.1659,12.9397,13.6213,13.0181,13.5329,0.566
E,stride_17,100663296,8,13.8169,13.7298,14.3699,13.7309,14.3269,0.539
E,stride_17,134217728,8,14.3565,14.3051,14.5352,14.3069,14.4565,0.519
E,stride_17,201326592,8,14.5263,14.3256,14.9728,14.3732,14.7079,0.513
E,stride_17,268435456,8,14.9362,14.7924,15.0297,14.8101,15.0248,0.499
E,stride_1_bis,4096,8,2.1261,2.1252,2.1299,2.1257,2.1288,3.504
E,stride_1_bis,6144,8,2.1274,2.1266,2.1337,2.1270,2.1304,3.502
E,stride_1_bis,8192,8,2.1280,2.1258,2.1530,2.1260,2.1485,3.501
E,stride_1_bis,12288,8,2.1279,2.1259,2.1388,2.1265,2.1343,3.501
E,stride_1_bis,16384,8,2.1272,2.1260,2.1427,2.1264,2.1316,3.503
E,stride_1_bis,24576,8,2.1277,2.1262,2.1455,2.1265,2.1328,3.502
E,stride_1_bis,32768,8,2.1284,2.1274,2.1306,2.1274,2.1304,3.501
E,stride_1_bis,49152,8,2.1327,2.1272,2.1352,2.1309,2.1339,3.493
E,stride_1_bis,65536,8,2.1304,2.1292,2.1424,2.1294,2.1345,3.497
E,stride_1_bis,98304,8,2.1328,2.1269,2.1902,2.1278,2.1707,3.493
E,stride_1_bis,131072,8,2.1373,2.1281,2.1540,2.1283,2.1503,3.486
E,stride_1_bis,196608,8,2.1340,2.1285,2.1558,2.1286,2.1449,3.491
E,stride_1_bis,262144,8,2.1384,2.1336,2.1619,2.1347,2.1490,3.484
E,stride_1_bis,393216,8,2.1558,2.1337,2.2282,2.1354,2.1870,3.456
E,stride_1_bis,524288,8,2.1391,2.1284,2.1519,2.1328,2.1442,3.483
E,stride_1_bis,786432,8,2.1525,2.1341,2.1823,2.1385,2.1665,3.461
E,stride_1_bis,1048576,8,2.1487,2.1408,2.1774,2.1414,2.1621,3.467
E,stride_1_bis,1572864,8,2.1843,2.1580,2.2122,2.1660,2.1993,3.411
E,stride_1_bis,2097152,8,2.1974,2.1596,2.2382,2.1654,2.2291,3.391
E,stride_1_bis,3145728,8,2.2132,2.1622,2.2705,2.1884,2.2417,3.366
E,stride_1_bis,4194304,8,2.2421,2.1763,2.3736,2.1954,2.3035,3.323
E,stride_1_bis,6291456,8,2.3092,2.1809,2.4004,2.1884,2.3946,3.226
E,stride_1_bis,8388608,8,2.3204,2.2289,2.4629,2.2550,2.4548,3.211
E,stride_1_bis,12582912,8,2.4178,2.3936,2.4310,2.4001,2.4271,3.082
E,stride_1_bis,16777216,8,2.3389,2.3275,2.4194,2.3286,2.4123,3.186
E,stride_1_bis,25165824,8,2.4569,2.4448,2.4990,2.4526,2.4749,3.033
E,stride_1_bis,33554432,8,2.4759,2.4447,2.4797,2.4539,2.4792,3.009
E,stride_1_bis,50331648,8,2.4958,2.4217,2.5112,2.4552,2.5013,2.985
E,stride_1_bis,67108864,8,2.5026,2.4873,2.5099,2.4908,2.5077,2.977
E,stride_1_bis,100663296,8,2.5306,2.5090,2.5492,2.5178,2.5468,2.944
E,stride_1_bis,134217728,8,2.5248,2.5177,2.5284,2.5180,2.5270,2.951
E,stride_1_bis,201326592,8,2.5232,2.5179,2.5973,2.5197,2.5568,2.953
E,stride_1_bis,268435456,8,2.5233,2.5190,2.5384,2.5211,2.5374,2.953
E,stride_1_double,4096,8,2.1293,2.1254,2.1436,2.1258,2.1427,3.499
E,stride_1_double,6144,8,2.1287,2.1260,2.1311,2.1262,2.1298,3.500
E,stride_1_double,8192,8,2.1385,2.1266,2.1696,2.1268,2.1654,3.484
E,stride_1_double,12288,8,2.1310,2.1252,2.1387,2.1259,2.1335,3.496
E,stride_1_double,16384,8,2.1660,2.1268,2.2006,2.1313,2.1836,3.440
E,stride_1_double,24576,8,2.1356,2.1268,2.1706,2.1278,2.1623,3.489
E,stride_1_double,32768,8,2.1517,2.1303,2.1848,2.1360,2.1762,3.463
E,stride_1_double,49152,8,2.1375,2.1278,2.1494,2.1281,2.1481,3.486
E,stride_1_double,65536,8,2.1395,2.1284,2.1783,2.1287,2.1722,3.482
E,stride_1_double,98304,8,2.1388,2.1305,2.1511,2.1354,2.1434,3.483
E,stride_1_double,131072,8,2.1306,2.1274,2.1370,2.1281,2.1363,3.497
E,stride_1_double,196608,8,2.1382,2.1291,2.1589,2.1304,2.1480,3.484
E,stride_1_double,262144,8,2.1323,2.1270,2.2079,2.1272,2.1590,3.494
E,stride_1_double,393216,8,2.1461,2.1299,2.1763,2.1346,2.1566,3.472
E,stride_1_double,524288,8,2.1511,2.1322,2.2681,2.1354,2.2059,3.464
E,stride_1_double,786432,8,2.1453,2.1387,2.1797,2.1388,2.1754,3.473
E,stride_1_double,1048576,8,2.1459,2.1440,2.1858,2.1448,2.1790,3.472
E,stride_1_double,1572864,8,2.1504,2.1327,2.1604,2.1444,2.1572,3.465
E,stride_1_double,2097152,8,2.1734,2.1554,2.1936,2.1580,2.1919,3.428
E,stride_1_double,3145728,8,2.1947,2.1706,2.2367,2.1854,2.2215,3.395
E,stride_1_double,4194304,8,2.2311,2.1750,2.2432,2.1772,2.2397,3.339
E,stride_1_double,6291456,8,2.2734,2.1680,2.3399,2.2322,2.3087,3.277
E,stride_1_double,8388608,8,2.3386,2.2833,2.3935,2.2893,2.3736,3.186
E,stride_1_double,12582912,8,2.4060,2.3485,2.4457,2.3541,2.4348,3.097
E,stride_1_double,16777216,8,2.4232,2.3323,2.4639,2.3452,2.4529,3.075
E,stride_1_double,25165824,8,2.4449,2.4213,2.4580,2.4349,2.4548,3.047
E,stride_1_double,33554432,8,2.4690,2.4434,2.4904,2.4567,2.4867,3.018
E,stride_1_double,50331648,8,2.5045,2.4876,2.5206,2.4894,2.5150,2.975
E,stride_1_double,67108864,8,2.5140,2.4913,2.5372,2.4941,2.5319,2.964
E,stride_1_double,100663296,8,2.5127,2.4926,2.5948,2.5017,2.5414,2.965
E,stride_1_double,134217728,8,2.5185,2.5027,2.5664,2.5073,2.5336,2.958
E,stride_1_double,201326592,8,2.5259,2.5192,2.5589,2.5235,2.5373,2.950
E,stride_1_double,268435456,8,2.5205,2.5153,2.5275,2.5158,2.5256,2.956
E,stride_4097,4096,8,2.1286,2.1270,2.1326,2.1271,2.1317,3.500
E,stride_4097,6144,8,2.1282,2.1273,2.1342,2.1275,2.1312,3.501
E,stride_4097,8192,8,2.1400,2.1259,2.1637,2.1266,2.1543,3.482
E,stride_4097,12288,8,2.1414,2.1279,2.1613,2.1294,2.1495,3.479
E,stride_4097,16384,8,2.1278,2.1269,2.2026,2.1272,2.1467,3.502
E,stride_4097,24576,8,2.1793,2.1634,2.2069,2.1720,2.1876,3.419
E,stride_4097,32768,8,2.1295,2.1281,2.1431,2.1289,2.1355,3.499
E,stride_4097,49152,8,2.2051,2.2027,2.2140,2.2039,2.2122,3.379
E,stride_4097,65536,8,2.2129,2.2093,2.2284,2.2098,2.2217,3.367
E,stride_4097,98304,8,2.2062,2.1999,2.2132,2.2019,2.2114,3.377
E,stride_4097,131072,8,2.2032,2.1961,2.2135,2.1993,2.2108,3.382
E,stride_4097,196608,8,2.2131,2.2092,2.2409,2.2094,2.2275,3.367
E,stride_4097,262144,8,2.2219,2.2169,2.2346,2.2174,2.2332,3.353
E,stride_4097,393216,8,2.2292,2.2190,2.2644,2.2255,2.2433,3.342
E,stride_4097,524288,8,2.2316,2.2139,2.2553,2.2172,2.2511,3.339
E,stride_4097,786432,8,2.2558,2.2311,2.2850,2.2338,2.2765,3.303
E,stride_4097,1048576,8,2.3235,2.2639,2.3814,2.3018,2.3500,3.207
E,stride_4097,1572864,8,2.2845,2.2400,2.4195,2.2612,2.3299,3.261
E,stride_4097,2097152,8,2.6713,2.3665,2.7409,2.5345,2.7376,2.789
E,stride_4097,3145728,8,2.6432,2.5227,2.8414,2.5400,2.8166,2.819
E,stride_4097,4194304,8,3.0968,2.5483,3.4873,2.6568,3.4442,2.406
E,stride_4097,6291456,8,4.4728,3.2622,4.8016,3.5271,4.7975,1.666
E,stride_4097,8388608,8,4.7067,4.2700,5.2617,4.4559,4.9969,1.583
E,stride_4097,12582912,8,7.7412,7.2871,8.4552,7.4376,8.1583,0.962
E,stride_4097,16777216,8,20.2510,20.0753,20.7319,20.0807,20.6343,0.368
E,stride_4097,25165824,8,14.7601,14.6072,15.2817,14.6798,14.9753,0.505
E,stride_4097,33554432,8,20.3012,20.1601,20.4019,20.2375,20.3959,0.367
E,stride_4097,50331648,8,20.4949,20.4544,20.6307,20.4656,20.6040,0.364
E,stride_4097,67108864,8,20.4685,20.2892,20.5566,20.3955,20.5232,0.364
E,stride_4097,100663296,8,20.8942,20.6538,21.0276,20.7969,20.9711,0.357
E,stride_4097,134217728,8,20.7072,20.6056,20.7734,20.6160,20.7536,0.360
E,stride_4097,201326592,8,21.2005,20.9610,21.3791,21.0665,21.3477,0.351
E,stride_4097,268435456,8,21.5713,21.3385,21.8242,21.3922,21.8075,0.345
E,stride_513,4096,8,2.1276,2.1268,2.2045,2.1270,2.1487,3.502
E,stride_513,6144,8,2.1312,2.1291,2.1459,2.1296,2.1415,3.496
E,stride_513,8192,8,2.1284,2.1258,2.1550,2.1276,2.1514,3.501
E,stride_513,12288,8,2.1276,2.1255,2.1383,2.1255,2.1327,3.502
E,stride_513,16384,8,2.1283,2.1258,2.1785,2.1259,2.1648,3.501
E,stride_513,24576,8,2.1689,2.1290,2.1929,2.1302,2.1765,3.435
E,stride_513,32768,8,2.2007,2.1833,2.2280,2.1841,2.2099,3.386
E,stride_513,49152,8,2.2190,2.2052,2.2474,2.2072,2.2383,3.358
E,stride_513,65536,8,2.2006,2.1996,2.2256,2.1996,2.2203,3.386
E,stride_513,98304,8,2.2135,2.2065,2.2412,2.2074,2.2253,3.366
E,stride_513,131072,8,2.2101,2.1915,2.2488,2.1925,2.2482,3.371
E,stride_513,196608,8,2.2240,2.2197,2.2984,2.2206,2.2484,3.350
E,stride_513,262144,8,2.1988,2.1878,2.2264,2.1915,2.2257,3.388
E,stride_513,393216,8,2.2417,2.2066,2.2738,2.2237,2.2640,3.324
E,stride_513,524288,8,2.2201,2.1855,2.2723,2.1953,2.2386,3.356
E,stride_513,786432,8,2.3009,2.2476,2.3937,2.2524,2.3664,3.238
E,stride_513,1048576,8,2.2857,2.2036,2.4172,2.2239,2.4150,3.260
E,stride_513,1572864,8,2.4097,2.2916,2.4599,2.3250,2.4460,3.092
E,stride_513,2097152,8,2.5931,2.2638,3.3899,2.3808,2.9891,2.873
E,stride_513,3145728,8,2.9943,2.6024,3.2620,2.7773,3.1466,2.488
E,stride_513,4194304,8,3.8153,2.9439,4.1908,3.2950,4.0953,1.953
E,stride_513,6291456,8,4.3056,3.8506,4.5868,3.9959,4.4483,1.730
E,stride_513,8388608,8,4.9775,4.6236,5.4902,4.7171,5.3674,1.497
E,stride_513,12582912,8,6.7720,6.6048,7.4480,6.6112,7.1430,1.100
E,stride_513,16777216,8,14.2859,13.9405,14.4969,14.1178,14.4250,0.522
E,stride_513,25165824,8,14.8779,14.6406,15.5685,14.6814,15.2697,0.501
E,stride_513,33554432,8,15.3271,14.9544,15.4158,15.1237,15.4084,0.486
E,stride_513,50331648,8,17.4186,16.9539,17.8517,17.0345,17.5556,0.428
E,stride_513,67108864,8,16.2105,16.0626,16.5197,16.0644,16.4978,0.460
E,stride_513,100663296,8,19.9796,19.4141,20.4378,19.7242,20.3155,0.373
E,stride_513,134217728,8,16.6759,16.4381,16.9459,16.4806,16.7811,0.447
E,stride_513,201326592,8,21.1445,20.6300,21.4482,20.8421,21.2985,0.352
E,stride_513,268435456,8,17.4096,17.2803,17.5257,17.3123,17.5104,0.428
LP-E,pair_same_line,4096,8,2.1473,2.1328,2.3895,2.1353,2.3242,6.939
LP-E,pair_same_line,6144,8,2.1320,2.1286,2.1618,2.1290,2.1460,6.989
LP-E,pair_same_line,8192,8,2.1452,2.1326,2.2971,2.1361,2.2351,6.946
LP-E,pair_same_line,12288,8,2.1454,2.1313,2.3056,2.1327,2.1936,6.946
LP-E,pair_same_line,16384,8,2.1473,2.1387,2.2496,2.1427,2.2111,6.939
LP-E,pair_same_line,24576,8,2.1587,2.1395,2.3616,2.1495,2.2126,6.903
LP-E,pair_same_line,32768,8,2.1836,2.1666,2.2467,2.1678,2.2105,6.824
LP-E,pair_same_line,49152,8,2.2655,2.2267,2.4413,2.2369,2.3136,6.577
LP-E,pair_same_line,65536,8,2.2902,2.2767,2.2971,2.2788,2.2965,6.506
LP-E,pair_same_line,98304,8,2.3596,2.3380,2.5085,2.3448,2.4493,6.315
LP-E,pair_same_line,131072,8,2.3981,2.3474,2.4977,2.3670,2.4497,6.214
LP-E,pair_same_line,196608,8,2.4733,2.3722,2.4959,2.4303,2.4834,6.025
LP-E,pair_same_line,262144,8,2.5714,2.4855,2.7126,2.5423,2.6101,5.795
LP-E,pair_same_line,393216,8,2.7455,2.6315,2.8328,2.6614,2.7934,5.428
LP-E,pair_same_line,524288,8,2.9429,2.8719,2.9887,2.8867,2.9631,5.063
LP-E,pair_same_line,786432,8,3.1714,2.9641,3.2970,3.0971,3.2336,4.699
LP-E,pair_same_line,1048576,8,3.4496,3.3606,3.6229,3.3903,3.6058,4.320
LP-E,pair_same_line,1572864,8,8.7389,7.4480,12.9633,8.0759,12.1563,1.705
LP-E,pair_same_line,2097152,8,19.7612,18.9588,20.9964,19.0113,20.3783,0.754
LP-E,pair_same_line,3145728,8,27.0836,26.2229,28.5738,26.6368,28.4998,0.550
LP-E,pair_same_line,4194304,8,29.0557,28.7081,30.0124,28.7724,29.6370,0.513
LP-E,pair_same_line,6291456,8,29.9919,29.5742,31.3043,29.7610,31.2731,0.497
LP-E,pair_same_line,8388608,8,30.6001,29.8819,32.4061,30.0843,31.4751,0.487
LP-E,pair_same_line,12582912,8,31.1394,30.7353,33.1601,30.8666,32.9031,0.479
LP-E,pair_same_line,16777216,8,32.4619,31.9081,34.2973,32.0687,34.1671,0.459
LP-E,pair_same_line,25165824,8,33.9817,32.7332,35.2019,32.7890,34.8583,0.439
LP-E,pair_same_line,33554432,8,34.7158,33.9683,35.9515,34.4795,35.6057,0.429
LP-E,pair_same_line,50331648,8,35.7491,35.1564,37.0879,35.1809,37.0571,0.417
LP-E,pair_same_line,67108864,8,36.5664,35.5456,38.1944,35.6513,37.5692,0.408
LP-E,pair_same_line,100663296,8,38.1528,36.9520,39.4836,37.6909,39.2456,0.391
LP-E,pair_same_line,134217728,8,39.6473,38.1026,40.1755,38.8237,40.0821,0.376
LP-E,pair_same_line,201326592,8,42.8694,41.8319,44.2610,42.2315,43.7316,0.348
LP-E,pair_same_line,268435456,8,49.3559,48.5660,50.4816,48.7174,49.7818,0.302
LP-E,pair_split_line,4096,8,2.2223,2.2118,2.3836,2.2122,2.3574,6.705
LP-E,pair_split_line,6144,8,2.2475,2.2149,2.5638,2.2225,2.4384,6.630
LP-E,pair_split_line,8192,8,2.2457,2.2172,2.4770,2.2251,2.3652,6.635
LP-E,pair_split_line,12288,8,2.2270,2.2215,2.3655,2.2222,2.3356,6.691
LP-E,pair_split_line,16384,8,2.2460,2.2338,2.3995,2.2400,2.3506,6.634
LP-E,pair_split_line,24576,8,2.2395,2.2265,2.5219,2.2266,2.5100,6.654
LP-E,pair_split_line,32768,8,2.2469,2.2283,2.4129,2.2288,2.4052,6.632
LP-E,pair_split_line,49152,8,2.4291,2.3995,2.5970,2.4025,2.5915,6.134
LP-E,pair_split_line,65536,8,2.4829,2.4656,2.7997,2.4727,2.6824,6.002
LP-E,pair_split_line,98304,8,2.5741,2.5299,2.7111,2.5303,2.6330,5.789
LP-E,pair_split_line,131072,8,2.5853,2.5511,2.7212,2.5602,2.6945,5.764
LP-E,pair_split_line,196608,8,2.6468,2.6164,2.7779,2.6210,2.7294,5.630
LP-E,pair_split_line,262144,8,2.7405,2.7256,2.9851,2.7308,2.8560,5.437
LP-E,pair_split_line,393216,8,2.9107,2.8871,3.1319,2.8947,3.0818,5.119
LP-E,pair_split_line,524288,8,2.9935,2.9636,3.1382,2.9646,3.1338,4.978
LP-E,pair_split_line,786432,8,3.2283,3.1883,3.3363,3.2087,3.2590,4.616
LP-E,pair_split_line,1048576,8,3.4600,3.4435,3.6401,3.4517,3.5192,4.307
LP-E,pair_split_line,1572864,8,10.9521,8.7902,15.7710,9.8305,15.5639,1.361
LP-E,pair_split_line,2097152,8,22.9618,22.3580,24.2682,22.4190,23.8744,0.649
LP-E,pair_split_line,3145728,8,33.1261,32.5182,34.3540,32.6622,34.0646,0.450
LP-E,pair_split_line,4194304,8,37.6349,37.2351,39.9175,37.4922,39.6535,0.396
LP-E,pair_split_line,6291456,8,43.1452,42.4677,45.1225,42.6987,44.9126,0.345
LP-E,pair_split_line,8388608,8,45.9112,45.5556,47.1342,45.7623,46.9409,0.325
LP-E,pair_split_line,12582912,8,51.8498,50.0460,53.6930,50.1628,53.1465,0.287
LP-E,pair_split_line,16777216,8,55.2478,54.6572,57.6745,54.6733,56.3795,0.270
LP-E,pair_split_line,25165824,8,59.9310,58.9535,62.9667,59.2337,61.5715,0.249
LP-E,pair_split_line,33554432,8,62.4015,61.3696,65.7962,61.6962,65.6899,0.239
LP-E,pair_split_line,50331648,8,66.2494,64.7051,67.9248,64.9162,67.1460,0.225
LP-E,pair_split_line,67108864,8,67.9233,66.5177,70.1737,66.9004,69.2967,0.219
LP-E,pair_split_line,100663296,8,70.8965,69.5468,74.6568,69.7115,74.1780,0.210
LP-E,pair_split_line,134217728,8,77.3594,74.6542,82.1288,75.4207,80.0520,0.193
LP-E,pair_split_line,201326592,8,91.9248,89.3408,97.9476,90.9419,95.9637,0.162
LP-E,pair_split_line,268435456,8,113.6403,106.5889,118.4051,108.4877,117.2738,0.131
LP-E,random,4096,8,1.6043,1.5831,1.6732,1.5951,1.6712,4.644
LP-E,random,6144,8,1.5920,1.5846,1.6534,1.5849,1.6120,4.680
LP-E,random,8192,8,1.5996,1.5889,1.6859,1.5889,1.6263,4.658
LP-E,random,12288,8,1.5968,1.5880,1.6805,1.5881,1.6260,4.666
LP-E,random,16384,8,1.5992,1.5870,1.7623,1.5934,1.6492,4.659
LP-E,random,24576,8,1.6162,1.5889,1.7626,1.5914,1.7040,4.610
LP-E,random,32768,8,1.6067,1.6015,1.6224,1.6033,1.6166,4.637
LP-E,random,49152,8,1.6604,1.6492,1.8086,1.6556,1.7796,4.487
LP-E,random,65536,8,1.6643,1.6505,1.7259,1.6511,1.6812,4.477
LP-E,random,98304,8,1.6829,1.6721,1.8434,1.6783,1.8105,4.427
LP-E,random,131072,8,1.7226,1.7042,1.8097,1.7144,1.7625,4.325
LP-E,random,196608,8,1.7771,1.7025,1.8628,1.7301,1.8463,4.193
LP-E,random,262144,8,1.8343,1.7698,1.8513,1.8021,1.8444,4.062
LP-E,random,393216,8,1.9385,1.9048,2.0468,1.9113,1.9884,3.843
LP-E,random,524288,8,2.0518,2.0058,2.1418,2.0077,2.1373,3.631
LP-E,random,786432,8,2.3064,2.0924,2.5442,2.1167,2.3948,3.230
LP-E,random,1048576,8,2.5966,2.4657,2.6686,2.5255,2.6501,2.869
LP-E,random,1572864,8,7.1686,5.9354,10.4184,6.6367,10.1407,1.039
LP-E,random,2097152,8,15.0638,14.7903,15.6495,14.7963,15.5446,0.495
LP-E,random,3145728,8,20.2716,19.3534,20.8712,19.4402,20.5500,0.368
LP-E,random,4194304,8,21.3729,21.1156,21.8171,21.1867,21.5869,0.349
LP-E,random,6291456,8,22.7974,22.5044,23.4613,22.6763,23.4305,0.327
LP-E,random,8388608,8,24.4246,23.7820,25.2326,23.8111,24.7706,0.305
LP-E,random,12582912,8,26.2813,25.7576,27.1085,26.0138,27.0654,0.283
LP-E,random,16777216,8,28.0200,27.5211,28.8613,27.6169,28.8500,0.266
LP-E,random,25165824,8,30.0669,29.0905,31.2573,29.3554,30.6759,0.248
LP-E,random,33554432,8,31.2533,30.2824,32.5384,30.5768,32.4263,0.238
LP-E,random,50331648,8,32.2225,31.8546,33.2045,31.9738,33.0589,0.231
LP-E,random,67108864,8,33.6220,32.5332,34.5984,32.6420,34.1141,0.222
LP-E,random,100663296,8,35.0929,34.6785,36.1650,34.9214,36.1332,0.212
LP-E,random,134217728,8,36.8611,36.1967,37.8344,36.1970,37.5831,0.202
LP-E,random,201326592,8,41.5291,40.3792,42.1338,40.4200,41.8077,0.179
LP-E,random,268435456,8,46.6111,45.9621,47.9704,46.3713,47.6880,0.160
LP-E,stride_1,4096,8,1.7265,1.7118,1.8906,1.7151,1.8866,4.315
LP-E,stride_1,6144,8,1.7189,1.7115,1.8894,1.7136,1.8166,4.335
LP-E,stride_1,8192,8,1.7673,1.7171,1.8917,1.7205,1.8342,4.216
LP-E,stride_1,12288,8,1.7225,1.7148,1.7609,1.7178,1.7333,4.325
LP-E,stride_1,16384,8,1.7270,1.7116,1.8835,1.7167,1.8830,4.314
LP-E,stride_1,24576,8,1.7234,1.7167,1.8915,1.7183,1.8861,4.323
LP-E,stride_1,32768,8,1.7378,1.7228,1.8908,1.7254,1.8269,4.287
LP-E,stride_1,49152,8,1.7277,1.7207,1.8001,1.7228,1.7513,4.312
LP-E,stride_1,65536,8,1.7238,1.7183,1.8124,1.7199,1.7512,4.322
LP-E,stride_1,98304,8,1.7443,1.7235,1.8114,1.7250,1.8111,4.271
LP-E,stride_1,131072,8,1.7286,1.7226,1.8435,1.7230,1.7644,4.310
LP-E,stride_1,196608,8,1.7359,1.7322,1.9052,1.7323,1.7927,4.292
LP-E,stride_1,262144,8,1.7462,1.7403,1.8102,1.7413,1.7874,4.267
LP-E,stride_1,393216,8,1.7599,1.7488,1.8985,1.7496,1.8066,4.233
LP-E,stride_1,524288,8,1.7744,1.7548,1.8944,1.7642,1.8130,4.199
LP-E,stride_1,786432,8,1.8326,1.7820,1.9003,1.8125,1.9000,4.066
LP-E,stride_1,1048576,8,1.8509,1.8409,1.9747,1.8422,1.9196,4.025
LP-E,stride_1,1572864,8,2.1236,1.9542,2.1721,2.0696,2.1618,3.508
LP-E,stride_1,2097152,8,2.4165,2.3157,2.4953,2.3330,2.4796,3.083
LP-E,stride_1,3145728,8,2.5595,2.4429,2.6242,2.4697,2.5985,2.911
LP-E,stride_1,4194304,8,2.5788,2.5064,2.6286,2.5074,2.6281,2.889
LP-E,stride_1,6291456,8,2.5296,2.4972,2.6145,2.4990,2.5757,2.945
LP-E,stride_1,8388608,8,2.5162,2.4768,2.6944,2.4898,2.6273,2.961
LP-E,stride_1,12582912,8,2.5165,2.4885,2.6825,2.4939,2.5615,2.961
LP-E,stride_1,16777216,8,2.5277,2.5142,2.5836,2.5150,2.5576,2.948
LP-E,stride_1,25165824,8,2.5255,2.5237,2.5507,2.5240,2.5487,2.950
LP-E,stride_1,33554432,8,2.5418,2.5010,2.6997,2.5226,2.5930,2.931
LP-E,stride_1,50331648,8,2.5523,2.5010,2.6201,2.5105,2.6010,2.919
LP-E,stride_1,67108864,8,2.5773,2.4922,2.6186,2.5118,2.6179,2.891
LP-E,stride_1,100663296,8,2.5094,2.5005,2.7499,2.5017,2.5840,2.969
LP-E,stride_1,134217728,8,2.5526,2.5173,2.6181,2.5232,2.6020,2.919
LP-E,stride_1,201326592,8,2.5793,2.5248,2.6569,2.5307,2.6417,2.889
LP-E,stride_1,268435456,8,2.5461,2.4939,2.6538,2.5126,2.5842,2.926
LP-E,stride_17,4096,8,1.7284,1.7194,1.7984,1.7198,1.7642,4.311
LP-E,stride_17,6144,8,1.7296,1.7190,1.8843,1.7198,1.7739,4.308
LP-E,stride_17,8192,8,1.7227,1.7129,1.9710,1.7165,1.7905,4.325
LP-E,stride_17,12288,8,1.7247,1.7126,1.8842,1.7129,1.7766,4.320
LP-E,stride_17,16384,8,1.7309,1.7209,1.8134,1.7218,1.7556,4.304
LP-E,stride_17,24576,8,1.7226,1.7134,1.8343,1.7139,1.7527,4.325
LP-E,stride_17,32768,8,1.7386,1.7306,1.8161,1.7317,1.7607,4.285
LP-E,stride_17,49152,8,1.7902,1.7804,1.9479,1.7832,1.8674,4.162
LP-E,stride_17,65536,8,1.7833,1.7817,1.9197,1.7824,1.8249,4.178
LP-E,stride_17,98304,8,1.7961,1.7884,1.8741,1.7924,1.8617,4.148
LP-E,stride_17,131072,8,1.8084,1.7940,1.9660,1.7952,1.8651,4.120
LP-E,stride_17,196608,8,1.8328,1.8145,1.9572,1.8196,1.8702,4.065
LP-E,stride_17,262144,8,1.8597,1.8523,2.0655,1.8530,1.9432,4.006
LP-E,stride_17,393216,8,1.8799,1.8595,1.9816,1.8607,1.9219,3.963
LP-E,stride_17,524288,8,1.9829,1.8961,2.0535,1.9557,2.0295,3.757
LP-E,stride_17,786432,8,1.9948,1.9437,2.1323,1.9654,2.0683,3.735
LP-E,stride_17,1048576,8,2.1533,2.1077,2.1842,2.1116,2.1835,3.460
LP-E,stride_17,1572864,8,4.0892,3.3158,5.6370,3.3462,5.3535,1.822
LP-E,stride_17,2097152,8,10.1124,9.5599,10.5417,9.8425,10.3382,0.737
LP-E,stride_17,3145728,8,20.0663,19.9377,20.5500,19.9459,20.3319,0.371
LP-E,stride_17,4194304,8,26.0403,25.4548,27.1777,25.5911,26.6443,0.286
LP-E,stride_17,6291456,8,26.7136,26.3248,27.3774,26.4612,27.3336,0.279
LP-E,stride_17,8388608,8,27.7886,26.6076,28.1594,27.3956,28.0287,0.268
LP-E,stride_17,12582912,8,27.4167,26.6147,28.3981,26.8755,28.1838,0.272
LP-E,stride_17,16777216,8,27.5154,26.7495,28.5539,26.7612,28.1501,0.271
LP-E,stride_17,25165824,8,27.2073,26.5016,28.7481,26.9184,27.8548,0.274
LP-E,stride_17,33554432,8,27.1458,26.6062,27.9172,26.7904,27.6490,0.274
LP-E,stride_17,50331648,8,27.4683,27.0640,29.1158,27.1660,28.3922,0.271
LP-E,stride_17,67108864,8,27.2705,26.8511,28.6124,27.0273,28.2131,0.273
LP-E,stride_17,100663296,8,27.1876,26.8176,28.1419,26.8443,28.0664,0.274
LP-E,stride_17,134217728,8,27.2867,26.9174,27.6351,27.0794,27.5418,0.273
LP-E,stride_17,201326592,8,27.8113,26.8855,28.3565,26.9222,28.3390,0.268
LP-E,stride_17,268435456,8,27.5425,26.4715,28.3799,27.0494,28.2116,0.271
LP-E,stride_1_bis,4096,8,1.7159,1.7128,1.8876,1.7131,1.7616,4.342
LP-E,stride_1_bis,6144,8,1.7229,1.7219,1.8005,1.7219,1.7503,4.324
LP-E,stride_1_bis,8192,8,1.7258,1.7147,1.8833,1.7171,1.8429,4.317
LP-E,stride_1_bis,12288,8,1.7449,1.7122,1.8047,1.7201,1.7994,4.270
LP-E,stride_1_bis,16384,8,1.7719,1.7123,1.8931,1.7181,1.8776,4.205
LP-E,stride_1_bis,24576,8,1.7162,1.7137,1.8572,1.7139,1.8247,4.341
LP-E,stride_1_bis,32768,8,1.7767,1.7218,1.8934,1.7257,1.8889,4.193
LP-E,stride_1_bis,49152,8,1.7363,1.7189,1.8826,1.7287,1.8229,4.291
LP-E,stride_1_bis,65536,8,1.7255,1.7187,1.8987,1.7203,1.8923,4.318
LP-E,stride_1_bis,98304,8,1.7394,1.7170,1.8944,1.7192,1.8912,4.283
LP-E,stride_1_bis,131072,8,1.7324,1.7294,1.8137,1.7306,1.7657,4.301
LP-E,stride_1_bis,196608,8,1.7458,1.7170,1.8728,1.7293,1.8358,4.268
LP-E,stride_1_bis,262144,8,1.7476,1.7408,1.9429,1.7412,1.7995,4.263
LP-E,stride_1_bis,393216,8,1.7665,1.7514,1.9344,1.7559,1.8141,4.218
LP-E,stride_1_bis,524288,8,1.7788,1.7592,1.9174,1.7672,1.9005,4.189
LP-E,stride_1_bis,786432,8,1.8783,1.7441,1.9916,1.7895,1.9457,3.967
LP-E,stride_1_bis,1048576,8,1.8874,1.8376,2.0490,1.8399,1.9698,3.947
LP-E,stride_1_bis,1572864,8,2.0796,2.0563,2.2766,2.0601,2.1862,3.583
LP-E,stride_1_bis,2097152,8,2.3304,2.2812,2.4197,2.2964,2.3786,3.197
LP-E,stride_1_bis,3145728,8,2.4844,2.4386,2.5780,2.4464,2.5561,2.999
LP-E,stride_1_bis,4194304,8,2.5148,2.4909,2.5334,2.4930,2.5301,2.963
LP-E,stride_1_bis,6291456,8,2.5000,2.4608,2.5691,2.4745,2.5584,2.980
LP-E,stride_1_bis,8388608,8,2.4919,2.4770,2.6014,2.4849,2.5713,2.990
LP-E,stride_1_bis,12582912,8,2.5331,2.4731,2.5766,2.5022,2.5729,2.941
LP-E,stride_1_bis,16777216,8,2.5603,2.5018,2.5999,2.5440,2.5975,2.910
LP-E,stride_1_bis,25165824,8,2.5396,2.4664,2.6912,2.4917,2.6417,2.934
LP-E,stride_1_bis,33554432,8,2.5173,2.4846,2.5718,2.5074,2.5343,2.960
LP-E,stride_1_bis,50331648,8,2.5292,2.5057,2.6520,2.5084,2.5872,2.946
LP-E,stride_1_bis,67108864,8,2.5548,2.5001,2.6153,2.5002,2.5960,2.916
LP-E,stride_1_bis,100663296,8,2.5063,2.4972,2.5531,2.5014,2.5269,2.973
LP-E,stride_1_bis,134217728,8,2.6437,2.5310,2.6690,2.6055,2.6670,2.818
LP-E,stride_1_bis,201326592,8,2.5573,2.4765,2.6502,2.5154,2.6436,2.913
LP-E,stride_1_bis,268435456,8,2.5387,2.5072,2.6077,2.5073,2.6030,2.935
LP-E,stride_1_double,4096,8,1.7872,1.7166,1.9017,1.7247,1.8315,4.169
LP-E,stride_1_double,6144,8,1.7230,1.7140,1.9278,1.7144,1.8353,4.324
LP-E,stride_1_double,8192,8,1.7324,1.7117,1.8485,1.7143,1.8461,4.301
LP-E,stride_1_double,12288,8,1.7311,1.7147,1.8019,1.7163,1.7985,4.304
LP-E,stride_1_double,16384,8,1.7316,1.7132,1.8665,1.7161,1.7987,4.303
LP-E,stride_1_double,24576,8,1.7182,1.7161,1.9214,1.7161,1.7699,4.336
LP-E,stride_1_double,32768,8,1.7180,1.7151,1.7771,1.7163,1.7710,4.337
LP-E,stride_1_double,49152,8,1.7466,1.7190,1.9216,1.7193,1.8989,4.266
LP-E,stride_1_double,65536,8,1.7326,1.7180,1.8952,1.7186,1.8868,4.300
LP-E,stride_1_double,98304,8,1.7470,1.7168,1.8911,1.7245,1.7996,4.265
LP-E,stride_1_double,131072,8,1.7344,1.7183,1.8506,1.7256,1.8158,4.296
LP-E,stride_1_double,196608,8,1.7575,1.7228,1.8509,1.7271,1.8466,4.239
LP-E,stride_1_double,262144,8,1.7321,1.7285,1.8023,1.7286,1.8021,4.302
LP-E,stride_1_double,393216,8,1.7418,1.7295,1.8178,1.7325,1.8115,4.277
LP-E,stride_1_double,524288,8,1.8016,1.7440,1.9166,1.7468,1.8562,4.135
LP-E,stride_1_double,786432,8,1.7818,1.7551,1.9158,1.7573,1.8229,4.182
LP-E,stride_1_double,1048576,8,1.8057,1.7893,1.9722,1.7897,1.8972,4.126
LP-E,stride_1_double,1572864,8,1.9968,1.9367,2.0361,1.9764,2.0312,3.731
LP-E,stride_1_double,2097152,8,2.2924,2.2186,2.3780,2.2297,2.3646,3.250
LP-E,stride_1_double,3145728,8,2.4715,2.4490,2.6266,2.4493,2.5909,3.015
LP-E,stride_1_double,4194304,8,2.5165,2.4960,2.5783,2.5098,2.5551,2.961
LP-E,stride_1_double,6291456,8,2.5697,2.4831,2.6215,2.5146,2.5940,2.899
LP-E,stride_1_double,8388608,8,2.5824,2.5157,2.6668,2.5311,2.6624,2.885
LP-E,stride_1_double,12582912,8,2.5830,2.4874,2.7277,2.4994,2.7004,2.885
LP-E,stride_1_double,16777216,8,2.5495,2.5068,2.6801,2.5296,2.6223,2.922
LP-E,stride_1_double,25165824,8,2.5597,2.4811,2.6739,2.5007,2.6560,2.911
LP-E,stride_1_double,33554432,8,2.5698,2.5181,2.6681,2.5384,2.6406,2.899
LP-E,stride_1_double,50331648,8,2.5259,2.4748,2.6853,2.4970,2.6550,2.950
LP-E,stride_1_double,67108864,8,2.5956,2.5043,2.7352,2.5192,2.6790,2.870
LP-E,stride_1_double,100663296,8,2.5965,2.5807,2.6632,2.5815,2.6370,2.869
LP-E,stride_1_double,134217728,8,2.5578,2.5007,2.6559,2.5230,2.6333,2.913
LP-E,stride_1_double,201326592,8,2.5892,2.4926,2.6887,2.5054,2.6751,2.878
LP-E,stride_1_double,268435456,8,2.5864,2.5198,2.6987,2.5284,2.6710,2.881
LP-E,stride_4097,4096,8,1.7199,1.7129,1.9134,1.7144,1.8925,4.332
LP-E,stride_4097,6144,8,1.7379,1.7159,1.8846,1.7166,1.7820,4.287
LP-E,stride_4097,8192,8,1.7677,1.7211,1.8884,1.7287,1.8474,4.215
LP-E,stride_4097,12288,8,1.7360,1.7176,1.8931,1.7204,1.8363,4.292
LP-E,stride_4097,16384,8,1.7276,1.7205,1.8923,1.7218,1.8229,4.313
LP-E,stride_4097,24576,8,1.7664,1.7470,1.8328,1.7489,1.8245,4.218
LP-E,stride_4097,32768,8,1.7259,1.7225,1.8005,1.7234,1.7460,4.317
LP-E,stride_4097,49152,8,1.7854,1.7766,1.8839,1.7775,1.8346,4.173
LP-E,stride_4097,65536,8,1.8031,1.7879,1.8222,1.7907,1.8160,4.132
LP-E,stride_4097,98304,8,1.7898,1.7767,2.0370,1.7823,1.9092,4.163
LP-E,stride_4097,131072,8,1.7930,1.7785,1.8231,1.7871,1.8077,4.155
LP-E,stride_4097,196608,8,1.8155,1.7836,1.9237,1.7842,1.8948,4.104
LP-E,stride_4097,262144,8,1.8325,1.8160,1.9258,1.8212,1.9037,4.066
LP-E,stride_4097,393216,8,1.8551,1.8264,1.9886,1.8299,1.9242,4.016
LP-E,stride_4097,524288,8,1.8964,1.8882,2.0405,1.8930,1.9444,3.929
LP-E,stride_4097,786432,8,1.9206,1.8985,2.0735,1.9036,1.9665,3.879
LP-E,stride_4097,1048576,8,2.1557,2.1148,2.2256,2.1176,2.2049,3.456
LP-E,stride_4097,1572864,8,3.9656,3.5706,4.9581,3.6736,4.8461,1.879
LP-E,stride_4097,2097152,8,4.5241,4.3960,4.8509,4.4476,4.7752,1.647
LP-E,stride_4097,3145728,8,8.0752,7.9440,8.2616,7.9973,8.1769,0.923
LP-E,stride_4097,4194304,8,5.5449,5.3673,5.7635,5.4448,5.7396,1.344
LP-E,stride_4097,6291456,8,13.8184,13.4436,14.2741,13.5497,14.1028,0.539
LP-E,stride_4097,8388608,8,7.4053,7.1942,7.8107,7.1969,7.7409,1.006
LP-E,stride_4097,12582912,8,13.8886,13.7934,14.2217,13.8081,14.1948,0.536
LP-E,stride_4097,16777216,8,17.7336,17.0195,18.6698,17.3946,18.5332,0.420
LP-E,stride_4097,25165824,8,16.9563,16.3854,17.5302,16.4863,17.5178,0.439
LP-E,stride_4097,33554432,8,17.5683,17.1932,18.9017,17.2457,18.8266,0.424
LP-E,stride_4097,50331648,8,20.2223,19.1790,20.6836,19.1990,20.5701,0.368
LP-E,stride_4097,67108864,8,17.9424,17.5053,18.7107,17.5087,18.4641,0.415
LP-E,stride_4097,100663296,8,20.7113,20.2243,21.7421,20.2661,21.6475,0.360
LP-E,stride_4097,134217728,8,18.4392,18.2198,19.8089,18.2482,19.5327,0.404
LP-E,stride_4097,201326592,8,23.8511,23.3610,24.4719,23.3762,24.0852,0.312
LP-E,stride_4097,268435456,8,23.3882,23.1856,23.8419,23.2552,23.6439,0.319
LP-E,stride_513,4096,8,1.7217,1.7140,1.8888,1.7182,1.8869,4.327
LP-E,stride_513,6144,8,1.7205,1.7147,1.8441,1.7158,1.8152,4.331
LP-E,stride_513,8192,8,1.7215,1.7141,1.8082,1.7180,1.7435,4.328
LP-E,stride_513,12288,8,1.7237,1.7142,1.8866,1.7171,1.7707,4.322
LP-E,stride_513,16384,8,1.7214,1.7170,1.9686,1.7172,1.9135,4.328
LP-E,stride_513,24576,8,1.7379,1.7223,1.8946,1.7236,1.8795,4.287
LP-E,stride_513,32768,8,1.7745,1.7662,1.8926,1.7714,1.8818,4.199
LP-E,stride_513,49152,8,1.7821,1.7741,1.8112,1.7749,1.7931,4.181
LP-E,stride_513,65536,8,1.7940,1.7767,1.8662,1.7786,1.8560,4.153
LP-E,stride_513,98304,8,1.7982,1.7862,1.9586,1.7917,1.9453,4.143
LP-E,stride_513,131072,8,1.8181,1.7966,1.8906,1.8028,1.8395,4.098
LP-E,stride_513,196608,8,1.8212,1.8157,1.8793,1.8161,1.8415,4.091
LP-E,stride_513,262144,8,1.8730,1.8494,1.9643,1.8520,1.9099,3.978
LP-E,stride_513,393216,8,1.9166,1.8795,2.0426,1.8993,1.9725,3.887
LP-E,stride_513,524288,8,2.0120,1.9408,2.0805,1.9583,2.0647,3.703
LP-E,stride_513,786432,8,2.0752,1.9826,2.1589,2.0111,2.1174,3.590
LP-E,stride_513,1048576,8,2.5155,2.4044,2.5719,2.4569,2.5522,2.962
LP-E,stride_513,1572864,8,5.2444,4.4412,6.8484,4.5842,6.8416,1.421
LP-E,stride_513,2097152,8,9.4421,8.9692,10.0412,9.0614,9.9166,0.789
LP-E,stride_513,3145728,8,12.9443,12.7729,13.1885,12.8406,13.1834,0.576
LP-E,stride_513,4194304,8,12.3014,11.9067,13.0877,12.0819,13.0362,0.606
LP-E,stride_513,6291456,8,13.2378,12.9408,13.9022,12.9946,13.6501,0.563
LP-E,stride_513,8388608,8,16.1090,15.7094,16.2692,15.7853,16.2609,0.463
LP-E,stride_513,12582912,8,22.8794,22.5729,24.1135,22.6529,23.9131,0.326
LP-E,stride_513,16777216,8,30.5878,30.0101,31.3746,30.0388,31.1844,0.244
LP-E,stride_513,25165824,8,30.8875,30.3075,31.9510,30.4661,31.9049,0.241
LP-E,stride_513,33554432,8,31.3626,30.9411,32.4838,31.0747,31.8744,0.238
LP-E,stride_513,50331648,8,31.1441,30.5953,32.1521,30.6472,31.7987,0.239
LP-E,stride_513,67108864,8,31.2452,30.4002,32.7629,30.9094,31.8351,0.238
LP-E,stride_513,100663296,8,31.3959,30.6390,32.7238,30.6694,32.6081,0.237
LP-E,stride_513,134217728,8,31.5852,31.0853,32.8815,31.1173,32.6831,0.236
LP-E,stride_513,201326592,8,31.7967,30.8865,32.5202,30.9870,32.3872,0.234
LP-E,stride_513,268435456,8,31.9396,31.2833,33.0091,31.4785,32.5793,0.233
