run_id,level,seed,sample,round,phase,position,label,n,calls,elapsed_ns,cpu_before,cpu_after,result,expected
50,gcc-O0,20260916,0,0,warmup,0,sum_indices,16384,256,12999975,11,11,34357641216,34357641216
50,gcc-O0,20260916,1,0,warmup,1,sum_array,256,16384,10432274,11,11,14405276049769955328,14405276049769955328
50,gcc-O0,20260916,2,0,warmup,2,sum_discarded,256,16384,10313800,11,11,0,0
50,gcc-O0,20260916,3,0,warmup,3,sum_array_bis,64,65536,8566816,11,11,13631127524980752384,13631127524980752384
50,gcc-O0,20260916,4,0,warmup,4,sum_array_bis,65536,64,13223784,11,11,17176498036539465920,17176498036539465920
50,gcc-O0,20260916,5,0,warmup,5,sum_discarded,1048576,4,13166273,11,11,0,0
50,gcc-O0,20260916,6,0,warmup,6,sum_discarded,64,65536,8307168,11,11,0,0
50,gcc-O0,20260916,7,0,warmup,7,sum_array,4096,1024,11590826,11,11,9207031103383816192,9207031103383816192
50,gcc-O0,20260916,8,0,warmup,8,sum_array_twice,65536,64,26499975,11,11,15906251999369380224,15906251999369380224
50,gcc-O0,20260916,9,0,warmup,9,sum_indices,1024,4096,12323752,11,11,2145386496,2145386496
50,gcc-O0,20260916,10,0,warmup,10,sum_array,65536,64,13132087,11,11,17176498036539465920,17176498036539465920
50,gcc-O0,20260916,11,0,warmup,11,sum_indices,1048576,4,13089552,11,11,2199021158400,2199021158400
50,gcc-O0,20260916,12,0,warmup,12,sum_array_twice,4194304,1,27803960,11,11,17426751787961534666,17426751787961534666
50,gcc-O0,20260916,13,0,warmup,13,sum_array,16384,256,13220527,11,11,5239004827694973952,5239004827694973952
50,gcc-O0,20260916,14,0,warmup,14,sum_discarded,1024,4096,11082060,11,11,0,0
50,gcc-O0,20260916,15,0,warmup,15,sum_array_bis,256,16384,10473710,11,11,14405276049769955328,14405276049769955328
50,gcc-O0,20260916,16,0,warmup,16,sum_indices,4194304,1,13210307,11,11,8796090925056,8796090925056
50,gcc-O0,20260916,17,0,warmup,17,sum_array_bis,4096,1024,11556516,11,11,9207031103383816192,9207031103383816192
50,gcc-O0,20260916,18,0,warmup,18,sum_array_bis,1024,4096,11207071,11,11,3478888420496392192,3478888420496392192
50,gcc-O0,20260916,19,0,warmup,19,sum_array,262144,16,13186821,11,11,18419503647289863136,18419503647289863136
50,gcc-O0,20260916,20,0,warmup,20,sum_array,1024,4096,11191747,11,11,3478888420496392192,3478888420496392192
50,gcc-O0,20260916,21,0,warmup,21,sum_indices,256,16384,11299368,11,11,534773760,534773760
50,gcc-O0,20260916,22,0,warmup,22,sum_indices,262144,16,13133587,11,11,549753716736,549753716736
50,gcc-O0,20260916,23,0,warmup,23,sum_array_twice,4096,1024,23882607,11,11,18414062206767632384,18414062206767632384
50,gcc-O0,20260916,24,0,warmup,24,sum_array_twice,16384,256,26475386,11,11,10478009655389947904,10478009655389947904
50,gcc-O0,20260916,25,0,warmup,25,sum_discarded,16384,256,13289995,11,11,0,0
50,gcc-O0,20260916,26,0,warmup,26,sum_array_twice,262144,16,26269065,11,11,18392263220870174656,18392263220870174656
50,gcc-O0,20260916,27,0,warmup,27,sum_array_twice,256,16384,21950103,11,11,10363808025830359040,10363808025830359040
50,gcc-O0,20260916,28,0,warmup,28,sum_discarded,4194304,1,13681939,11,11,0,0
50,gcc-O0,20260916,29,0,warmup,29,sum_indices,64,65536,10770207,11,11,132120576,132120576
50,gcc-O0,20260916,30,0,warmup,30,sum_array_twice,1048576,4,25374214,11,11,13080418128458565256,13080418128458565256
50,gcc-O0,20260916,31,0,warmup,31,sum_discarded,4096,1024,11514864,11,11,0,0
50,gcc-O0,20260916,32,0,warmup,32,sum_array_bis,1048576,4,13057127,11,11,6540209064229282628,6540209064229282628
50,gcc-O0,20260916,33,0,warmup,33,sum_array,64,65536,8295499,11,11,13631127524980752384,13631127524980752384
50,gcc-O0,20260916,34,0,warmup,34,sum_array_bis,262144,16,12922960,11,11,18419503647289863136,18419503647289863136
50,gcc-O0,20260916,35,0,warmup,35,sum_discarded,262144,16,13153780,11,11,0,0
50,gcc-O0,20260916,36,0,warmup,36,sum_array_bis,16384,256,13204524,11,11,5239004827694973952,5239004827694973952
50,gcc-O0,20260916,37,0,warmup,37,sum_array,1048576,4,12872433,11,11,6540209064229282628,6540209064229282628
50,gcc-O0,20260916,38,0,warmup,38,sum_indices,4096,1024,12603281,11,11,8587837440,8587837440
50,gcc-O0,20260916,39,0,warmup,39,sum_array_twice,1024,4096,23078033,11,11,6957776840992784384,6957776840992784384
50,gcc-O0,20260916,40,0,warmup,40,sum_array,4194304,1,13657392,11,11,8713375893980767333,8713375893980767333
50,gcc-O0,20260916,41,0,warmup,41,sum_indices,65536,64,13021126,11,11,137436856320,137436856320
50,gcc-O0,20260916,42,0,warmup,42,sum_array_bis,4194304,1,14234569,11,11,8713375893980767333,8713375893980767333
50,gcc-O0,20260916,43,0,warmup,43,sum_array_twice,64,65536,19470387,11,11,8815510976251953152,8815510976251953152
50,gcc-O0,20260916,44,0,warmup,44,sum_discarded,65536,64,13189621,11,11,0,0
50,gcc-O0,20260916,45,1,measure,0,sum_discarded,1024,4096,11104060,11,11,0,0
50,gcc-O0,20260916,46,1,measure,1,sum_discarded,65536,64,12627535,11,11,0,0
50,gcc-O0,20260916,47,1,measure,2,sum_array_bis,1024,4096,11174577,11,11,3478888420496392192,3478888420496392192
50,gcc-O0,20260916,48,1,measure,3,sum_array,16384,256,13002220,11,11,5239004827694973952,5239004827694973952
50,gcc-O0,20260916,49,1,measure,4,sum_array_bis,4096,1024,11614741,11,11,9207031103383816192,9207031103383816192
50,gcc-O0,20260916,50,1,measure,5,sum_indices,4096,1024,12550331,11,11,8587837440,8587837440
50,gcc-O0,20260916,51,1,measure,6,sum_array_twice,4096,1024,23751579,11,11,18414062206767632384,18414062206767632384
50,gcc-O0,20260916,52,1,measure,7,sum_array,1048576,4,13177282,11,11,6540209064229282628,6540209064229282628
50,gcc-O0,20260916,53,1,measure,8,sum_indices,262144,16,13429973,11,11,549753716736,549753716736
50,gcc-O0,20260916,54,1,measure,9,sum_array_bis,16384,256,13181792,11,11,5239004827694973952,5239004827694973952
50,gcc-O0,20260916,55,1,measure,10,sum_array_bis,256,16384,10409564,11,11,14405276049769955328,14405276049769955328
50,gcc-O0,20260916,56,1,measure,11,sum_array,4194304,1,13765712,11,11,8713375893980767333,8713375893980767333
50,gcc-O0,20260916,57,1,measure,12,sum_array_twice,64,65536,19621812,11,11,8815510976251953152,8815510976251953152
50,gcc-O0,20260916,58,1,measure,13,sum_indices,1024,4096,12189992,11,11,2145386496,2145386496
50,gcc-O0,20260916,59,1,measure,14,sum_discarded,16384,256,13046169,11,11,0,0
50,gcc-O0,20260916,60,1,measure,15,sum_discarded,4096,1024,11429809,11,11,0,0
50,gcc-O0,20260916,61,1,measure,16,sum_array,256,16384,10409269,11,11,14405276049769955328,14405276049769955328
50,gcc-O0,20260916,62,1,measure,17,sum_array_twice,262144,16,26531811,11,11,18392263220870174656,18392263220870174656
50,gcc-O0,20260916,63,1,measure,18,sum_array,1024,4096,11147247,11,11,3478888420496392192,3478888420496392192
50,gcc-O0,20260916,64,1,measure,19,sum_indices,256,16384,11241992,11,11,534773760,534773760
50,gcc-O0,20260916,65,1,measure,20,sum_indices,64,65536,10850297,11,11,132120576,132120576
50,gcc-O0,20260916,66,1,measure,21,sum_discarded,64,65536,8268059,11,11,0,0
50,gcc-O0,20260916,67,1,measure,22,sum_array_twice,16384,256,26418483,11,11,10478009655389947904,10478009655389947904
50,gcc-O0,20260916,68,1,measure,23,sum_array_twice,1048576,4,25638698,11,11,13080418128458565256,13080418128458565256
50,gcc-O0,20260916,69,1,measure,24,sum_indices,1048576,4,13250428,11,11,2199021158400,2199021158400
50,gcc-O0,20260916,70,1,measure,25,sum_indices,16384,256,12976326,11,11,34357641216,34357641216
50,gcc-O0,20260916,71,1,measure,26,sum_array_twice,65536,64,26146244,11,11,15906251999369380224,15906251999369380224
50,gcc-O0,20260916,72,1,measure,27,sum_array,64,65536,8610909,11,11,13631127524980752384,13631127524980752384
50,gcc-O0,20260916,73,1,measure,28,sum_indices,4194304,1,13257730,11,11,8796090925056,8796090925056
50,gcc-O0,20260916,74,1,measure,29,sum_array,262144,16,13186991,11,11,18419503647289863136,18419503647289863136
50,gcc-O0,20260916,75,1,measure,30,sum_discarded,4194304,1,13852298,11,11,0,0
50,gcc-O0,20260916,76,1,measure,31,sum_array_bis,65536,64,13120668,11,11,17176498036539465920,17176498036539465920
50,gcc-O0,20260916,77,1,measure,32,sum_discarded,262144,16,13370436,11,11,0,0
50,gcc-O0,20260916,78,1,measure,33,sum_discarded,256,16384,10311271,11,11,0,0
50,gcc-O0,20260916,79,1,measure,34,sum_array_bis,1048576,4,13533876,11,11,6540209064229282628,6540209064229282628
50,gcc-O0,20260916,80,1,measure,35,sum_indices,65536,64,13294782,11,11,137436856320,137436856320
50,gcc-O0,20260916,81,1,measure,36,sum_array_bis,64,65536,8333291,11,11,13631127524980752384,13631127524980752384
50,gcc-O0,20260916,82,1,measure,37,sum_array_bis,262144,16,13079565,11,11,18419503647289863136,18419503647289863136
50,gcc-O0,20260916,83,1,measure,38,sum_array_twice,1024,4096,23037136,11,11,6957776840992784384,6957776840992784384
50,gcc-O0,20260916,84,1,measure,39,sum_array_twice,256,16384,21982063,11,11,10363808025830359040,10363808025830359040
50,gcc-O0,20260916,85,1,measure,40,sum_array,4096,1024,11726039,11,11,9207031103383816192,9207031103383816192
50,gcc-O0,20260916,86,1,measure,41,sum_discarded,1048576,4,13657175,11,11,0,0
50,gcc-O0,20260916,87,1,measure,42,sum_array_bis,4194304,1,13690252,11,11,8713375893980767333,8713375893980767333
50,gcc-O0,20260916,88,1,measure,43,sum_array,65536,64,13107232,11,11,17176498036539465920,17176498036539465920
50,gcc-O0,20260916,89,1,measure,44,sum_array_twice,4194304,1,27795961,11,11,17426751787961534666,17426751787961534666
50,gcc-O0,20260916,90,2,measure,0,sum_discarded,65536,64,13074343,11,11,0,0
50,gcc-O0,20260916,91,2,measure,1,sum_array_twice,256,16384,22025434,11,11,10363808025830359040,10363808025830359040
50,gcc-O0,20260916,92,2,measure,2,sum_array,4096,1024,11592081,11,11,9207031103383816192,9207031103383816192
50,gcc-O0,20260916,93,2,measure,3,sum_array,262144,16,13309580,11,11,18419503647289863136,18419503647289863136
50,gcc-O0,20260916,94,2,measure,4,sum_array_bis,1024,4096,11395825,11,11,3478888420496392192,3478888420496392192
50,gcc-O0,20260916,95,2,measure,5,sum_array,1048576,4,13610176,11,11,6540209064229282628,6540209064229282628
50,gcc-O0,20260916,96,2,measure,6,sum_array_twice,262144,16,26676136,11,11,18392263220870174656,18392263220870174656
50,gcc-O0,20260916,97,2,measure,7,sum_array,256,16384,10394114,11,11,14405276049769955328,14405276049769955328
50,gcc-O0,20260916,98,2,measure,8,sum_indices,256,16384,11266672,11,11,534773760,534773760
50,gcc-O0,20260916,99,2,measure,9,sum_array_bis,64,65536,8300965,11,11,13631127524980752384,13631127524980752384
50,gcc-O0,20260916,100,2,measure,10,sum_array_twice,1024,4096,23266281,11,11,6957776840992784384,6957776840992784384
50,gcc-O0,20260916,101,2,measure,11,sum_array_twice,4194304,1,27488061,11,11,17426751787961534666,17426751787961534666
50,gcc-O0,20260916,102,2,measure,12,sum_discarded,4194304,1,14394847,11,11,0,0
50,gcc-O0,20260916,103,2,measure,13,sum_discarded,4096,1024,11626166,11,11,0,0
50,gcc-O0,20260916,104,2,measure,14,sum_discarded,1048576,4,13710656,11,11,0,0
50,gcc-O0,20260916,105,2,measure,15,sum_array,64,65536,10083693,11,11,13631127524980752384,13631127524980752384
50,gcc-O0,20260916,106,2,measure,16,sum_array_bis,16384,256,13261546,11,11,5239004827694973952,5239004827694973952
50,gcc-O0,20260916,107,2,measure,17,sum_discarded,1024,4096,11094650,11,11,0,0
50,gcc-O0,20260916,108,2,measure,18,sum_indices,4096,1024,12663773,11,11,8587837440,8587837440
50,gcc-O0,20260916,109,2,measure,19,sum_discarded,262144,16,13144982,11,11,0,0
50,gcc-O0,20260916,110,2,measure,20,sum_array_bis,262144,16,13311787,11,11,18419503647289863136,18419503647289863136
50,gcc-O0,20260916,111,2,measure,21,sum_indices,64,65536,11578661,11,11,132120576,132120576
50,gcc-O0,20260916,112,2,measure,22,sum_array_bis,1048576,4,13338910,11,11,6540209064229282628,6540209064229282628
50,gcc-O0,20260916,113,2,measure,23,sum_array_twice,64,65536,19597765,11,11,8815510976251953152,8815510976251953152
50,gcc-O0,20260916,114,2,measure,24,sum_discarded,16384,256,13117619,11,11,0,0
50,gcc-O0,20260916,115,2,measure,25,sum_array_twice,16384,256,26510228,11,11,10478009655389947904,10478009655389947904
50,gcc-O0,20260916,116,2,measure,26,sum_array_twice,1048576,4,26893228,11,11,13080418128458565256,13080418128458565256
50,gcc-O0,20260916,117,2,measure,27,sum_array,65536,64,13235050,11,11,17176498036539465920,17176498036539465920
50,gcc-O0,20260916,118,2,measure,28,sum_array_bis,4194304,1,13927376,11,11,8713375893980767333,8713375893980767333
50,gcc-O0,20260916,119,2,measure,29,sum_indices,1048576,4,13070921,11,11,2199021158400,2199021158400
50,gcc-O0,20260916,120,2,measure,30,sum_array_bis,4096,1024,11549322,11,11,9207031103383816192,9207031103383816192
50,gcc-O0,20260916,121,2,measure,31,sum_discarded,256,16384,10309879,11,11,0,0
50,gcc-O0,20260916,122,2,measure,32,sum_array,1024,4096,11209317,11,11,3478888420496392192,3478888420496392192
50,gcc-O0,20260916,123,2,measure,33,sum_array_bis,65536,64,12879157,11,11,17176498036539465920,17176498036539465920
50,gcc-O0,20260916,124,2,measure,34,sum_indices,1024,4096,12172676,11,11,2145386496,2145386496
50,gcc-O0,20260916,125,2,measure,35,sum_indices,262144,16,13384503,11,11,549753716736,549753716736
50,gcc-O0,20260916,126,2,measure,36,sum_array,4194304,1,13990249,11,11,8713375893980767333,8713375893980767333
50,gcc-O0,20260916,127,2,measure,37,sum_array_bis,256,16384,10544061,11,11,14405276049769955328,14405276049769955328
50,gcc-O0,20260916,128,2,measure,38,sum_indices,65536,64,13051678,11,11,137436856320,137436856320
50,gcc-O0,20260916,129,2,measure,39,sum_indices,16384,256,12973207,11,11,34357641216,34357641216
50,gcc-O0,20260916,130,2,measure,40,sum_array_twice,4096,1024,23857748,11,11,18414062206767632384,18414062206767632384
50,gcc-O0,20260916,131,2,measure,41,sum_array,16384,256,12943430,11,11,5239004827694973952,5239004827694973952
50,gcc-O0,20260916,132,2,measure,42,sum_discarded,64,65536,8671360,11,11,0,0
50,gcc-O0,20260916,133,2,measure,43,sum_indices,4194304,1,13294908,11,11,8796090925056,8796090925056
50,gcc-O0,20260916,134,2,measure,44,sum_array_twice,65536,64,26239971,11,11,15906251999369380224,15906251999369380224
50,gcc-O0,20260916,135,3,measure,0,sum_array_twice,4096,1024,24070800,11,11,18414062206767632384,18414062206767632384
50,gcc-O0,20260916,136,3,measure,1,sum_indices,64,65536,11040034,11,11,132120576,132120576
50,gcc-O0,20260916,137,3,measure,2,sum_indices,65536,64,13071985,11,11,137436856320,137436856320
50,gcc-O0,20260916,138,3,measure,3,sum_array_twice,4194304,1,27052062,11,11,17426751787961534666,17426751787961534666
50,gcc-O0,20260916,139,3,measure,4,sum_array_bis,64,65536,8318112,11,11,13631127524980752384,13631127524980752384
50,gcc-O0,20260916,140,3,measure,5,sum_array_bis,4096,1024,11447253,11,11,9207031103383816192,9207031103383816192
50,gcc-O0,20260916,141,3,measure,6,sum_array_twice,262144,16,26559657,11,11,18392263220870174656,18392263220870174656
50,gcc-O0,20260916,142,3,measure,7,sum_discarded,262144,16,13330841,11,11,0,0
50,gcc-O0,20260916,143,3,measure,8,sum_discarded,4096,1024,11498949,11,11,0,0
50,gcc-O0,20260916,144,3,measure,9,sum_indices,262144,16,12603308,11,11,549753716736,549753716736
50,gcc-O0,20260916,145,3,measure,10,sum_indices,256,16384,11015648,11,11,534773760,534773760
50,gcc-O0,20260916,146,3,measure,11,sum_indices,16384,256,12354670,11,11,34357641216,34357641216
50,gcc-O0,20260916,147,3,measure,12,sum_indices,4194304,1,12766140,11,11,8796090925056,8796090925056
50,gcc-O0,20260916,148,3,measure,13,sum_array_twice,16384,256,25241039,11,11,10478009655389947904,10478009655389947904
50,gcc-O0,20260916,149,3,measure,14,sum_array_bis,256,16384,10361670,11,11,14405276049769955328,14405276049769955328
50,gcc-O0,20260916,150,3,measure,15,sum_array_twice,64,65536,18918085,11,11,8815510976251953152,8815510976251953152
50,gcc-O0,20260916,151,3,measure,16,sum_indices,4096,1024,12143851,11,11,8587837440,8587837440
50,gcc-O0,20260916,152,3,measure,17,sum_array,65536,64,12531191,11,11,17176498036539465920,17176498036539465920
50,gcc-O0,20260916,153,3,measure,18,sum_array,256,16384,10006472,11,11,14405276049769955328,14405276049769955328
50,gcc-O0,20260916,154,3,measure,19,sum_discarded,16384,256,12726802,11,11,0,0
50,gcc-O0,20260916,155,3,measure,20,sum_discarded,64,65536,8996973,11,11,0,0
50,gcc-O0,20260916,156,3,measure,21,sum_array_bis,16384,256,12867131,11,11,5239004827694973952,5239004827694973952
50,gcc-O0,20260916,157,3,measure,22,sum_indices,1048576,4,12472249,11,11,2199021158400,2199021158400
50,gcc-O0,20260916,158,3,measure,23,sum_array_bis,4194304,1,13228792,11,11,8713375893980767333,8713375893980767333
50,gcc-O0,20260916,159,3,measure,24,sum_array_twice,65536,64,25310236,11,11,15906251999369380224,15906251999369380224
50,gcc-O0,20260916,160,3,measure,25,sum_discarded,256,16384,10548232,11,11,0,0
50,gcc-O0,20260916,161,3,measure,26,sum_array,16384,256,12689389,11,11,5239004827694973952,5239004827694973952
50,gcc-O0,20260916,162,3,measure,27,sum_array_bis,262144,16,12665455,11,11,18419503647289863136,18419503647289863136
50,gcc-O0,20260916,163,3,measure,28,sum_discarded,1024,4096,10737133,11,11,0,0
50,gcc-O0,20260916,164,3,measure,29,sum_array,1024,4096,10815682,11,11,3478888420496392192,3478888420496392192
50,gcc-O0,20260916,165,3,measure,30,sum_array_bis,1024,4096,10774176,11,11,3478888420496392192,3478888420496392192
50,gcc-O0,20260916,166,3,measure,31,sum_array,4096,1024,11135109,11,11,9207031103383816192,9207031103383816192
50,gcc-O0,20260916,167,3,measure,32,sum_discarded,1048576,4,12860204,11,11,0,0
50,gcc-O0,20260916,168,3,measure,33,sum_array_twice,256,16384,21172166,11,11,10363808025830359040,10363808025830359040
50,gcc-O0,20260916,169,3,measure,34,sum_array,4194304,1,13233449,11,11,8713375893980767333,8713375893980767333
50,gcc-O0,20260916,170,3,measure,35,sum_array_twice,1024,4096,22512835,11,11,6957776840992784384,6957776840992784384
50,gcc-O0,20260916,171,3,measure,36,sum_array,262144,16,12680644,11,11,18419503647289863136,18419503647289863136
50,gcc-O0,20260916,172,3,measure,37,sum_array_bis,65536,64,13019328,11,11,17176498036539465920,17176498036539465920
50,gcc-O0,20260916,173,3,measure,38,sum_discarded,4194304,1,13612973,11,11,0,0
50,gcc-O0,20260916,174,3,measure,39,sum_array,64,65536,10986631,11,11,13631127524980752384,13631127524980752384
50,gcc-O0,20260916,175,3,measure,40,sum_discarded,65536,64,12488493,11,11,0,0
50,gcc-O0,20260916,176,3,measure,41,sum_array,1048576,4,13177451,11,11,6540209064229282628,6540209064229282628
50,gcc-O0,20260916,177,3,measure,42,sum_array_bis,1048576,4,12520065,11,11,6540209064229282628,6540209064229282628
50,gcc-O0,20260916,178,3,measure,43,sum_indices,1024,4096,11838534,11,11,2145386496,2145386496
50,gcc-O0,20260916,179,3,measure,44,sum_array_twice,1048576,4,27359324,11,11,13080418128458565256,13080418128458565256
50,gcc-O0,20260916,180,4,measure,0,sum_array_twice,1048576,4,26969261,11,11,13080418128458565256,13080418128458565256
50,gcc-O0,20260916,181,4,measure,1,sum_array_bis,262144,16,12898290,11,11,18419503647289863136,18419503647289863136
50,gcc-O0,20260916,182,4,measure,2,sum_array_bis,1024,4096,10784452,11,11,3478888420496392192,3478888420496392192
50,gcc-O0,20260916,183,4,measure,3,sum_array_twice,64,65536,18778032,11,11,8815510976251953152,8815510976251953152
50,gcc-O0,20260916,184,4,measure,4,sum_array,1048576,4,13466489,11,11,6540209064229282628,6540209064229282628
50,gcc-O0,20260916,185,4,measure,5,sum_array,64,65536,9122007,11,11,13631127524980752384,13631127524980752384
50,gcc-O0,20260916,186,4,measure,6,sum_array,1024,4096,10761354,11,11,3478888420496392192,3478888420496392192
50,gcc-O0,20260916,187,4,measure,7,sum_indices,64,65536,10635481,11,11,132120576,132120576
50,gcc-O0,20260916,188,4,measure,8,sum_array_bis,1048576,4,13138095,11,11,6540209064229282628,6540209064229282628
50,gcc-O0,20260916,189,4,measure,9,sum_discarded,256,16384,9956464,11,11,0,0
50,gcc-O0,20260916,190,4,measure,10,sum_discarded,262144,16,12806550,11,11,0,0
50,gcc-O0,20260916,191,4,measure,11,sum_array_bis,64,65536,10206319,11,11,13631127524980752384,13631127524980752384
50,gcc-O0,20260916,192,4,measure,12,sum_discarded,1024,4096,10933258,11,11,0,0
50,gcc-O0,20260916,193,4,measure,13,sum_array_twice,1024,4096,22198059,11,11,6957776840992784384,6957776840992784384
50,gcc-O0,20260916,194,4,measure,14,sum_discarded,4096,1024,11076144,11,11,0,0
50,gcc-O0,20260916,195,4,measure,15,sum_array_bis,256,16384,10161075,11,11,14405276049769955328,14405276049769955328
50,gcc-O0,20260916,196,4,measure,16,sum_indices,4096,1024,12252882,11,11,8587837440,8587837440
50,gcc-O0,20260916,197,4,measure,17,sum_array_twice,256,16384,21938057,11,11,10363808025830359040,10363808025830359040
50,gcc-O0,20260916,198,4,measure,18,sum_indices,1024,4096,12242639,11,11,2145386496,2145386496
50,gcc-O0,20260916,199,4,measure,19,sum_array,262144,16,14407604,11,11,18419503647289863136,18419503647289863136
50,gcc-O0,20260916,200,4,measure,20,sum_discarded,65536,64,13230533,11,11,0,0
50,gcc-O0,20260916,201,4,measure,21,sum_indices,262144,16,13005835,11,11,549753716736,549753716736
50,gcc-O0,20260916,202,4,measure,22,sum_indices,256,16384,10942489,11,11,534773760,534773760
50,gcc-O0,20260916,203,4,measure,23,sum_array,16384,256,12764267,11,11,5239004827694973952,5239004827694973952
50,gcc-O0,20260916,204,4,measure,24,sum_array,4194304,1,13957397,11,11,8713375893980767333,8713375893980767333
50,gcc-O0,20260916,205,4,measure,25,sum_array_bis,4194304,1,14278651,11,11,8713375893980767333,8713375893980767333
50,gcc-O0,20260916,206,4,measure,26,sum_array_twice,16384,256,25505742,11,11,10478009655389947904,10478009655389947904
50,gcc-O0,20260916,207,4,measure,27,sum_array,4096,1024,11501179,11,11,9207031103383816192,9207031103383816192
50,gcc-O0,20260916,208,4,measure,28,sum_indices,4194304,1,12909901,11,11,8796090925056,8796090925056
50,gcc-O0,20260916,209,4,measure,29,sum_array,65536,64,12732984,11,11,17176498036539465920,17176498036539465920
50,gcc-O0,20260916,210,4,measure,30,sum_discarded,1048576,4,12750419,11,11,0,0
50,gcc-O0,20260916,211,4,measure,31,sum_discarded,4194304,1,13612093,11,11,0,0
50,gcc-O0,20260916,212,4,measure,32,sum_discarded,64,65536,10608199,11,11,0,0
50,gcc-O0,20260916,213,4,measure,33,sum_indices,16384,256,12542957,11,11,34357641216,34357641216
50,gcc-O0,20260916,214,4,measure,34,sum_array_twice,4194304,1,26455088,11,11,17426751787961534666,17426751787961534666
50,gcc-O0,20260916,215,4,measure,35,sum_array_bis,4096,1024,11064420,11,11,9207031103383816192,9207031103383816192
50,gcc-O0,20260916,216,4,measure,36,sum_array_bis,65536,64,12670053,11,11,17176498036539465920,17176498036539465920
50,gcc-O0,20260916,217,4,measure,37,sum_array_bis,16384,256,12674244,11,11,5239004827694973952,5239004827694973952
50,gcc-O0,20260916,218,4,measure,38,sum_array_twice,262144,16,24877821,11,11,18392263220870174656,18392263220870174656
50,gcc-O0,20260916,219,4,measure,39,sum_indices,1048576,4,12958322,11,11,2199021158400,2199021158400
50,gcc-O0,20260916,220,4,measure,40,sum_discarded,16384,256,13284215,11,11,0,0
50,gcc-O0,20260916,221,4,measure,41,sum_indices,65536,64,12544303,11,11,137436856320,137436856320
50,gcc-O0,20260916,222,4,measure,42,sum_array_twice,65536,64,25362064,11,11,15906251999369380224,15906251999369380224
50,gcc-O0,20260916,223,4,measure,43,sum_array,256,16384,10072700,11,11,14405276049769955328,14405276049769955328
50,gcc-O0,20260916,224,4,measure,44,sum_array_twice,4096,1024,22883654,11,11,18414062206767632384,18414062206767632384
50,gcc-O0,20260916,225,5,measure,0,sum_array_twice,1048576,4,25681865,11,11,13080418128458565256,13080418128458565256
50,gcc-O0,20260916,226,5,measure,1,sum_indices,256,16384,10829813,11,11,534773760,534773760
50,gcc-O0,20260916,227,5,measure,2,sum_array,16384,256,12755719,11,11,5239004827694973952,5239004827694973952
50,gcc-O0,20260916,228,5,measure,3,sum_array,64,65536,8759731,11,11,13631127524980752384,13631127524980752384
50,gcc-O0,20260916,229,5,measure,4,sum_discarded,4194304,1,13706042,11,11,0,0
50,gcc-O0,20260916,230,5,measure,5,sum_array_twice,65536,64,25510412,11,11,15906251999369380224,15906251999369380224
50,gcc-O0,20260916,231,5,measure,6,sum_array_bis,4096,1024,11171489,11,11,9207031103383816192,9207031103383816192
50,gcc-O0,20260916,232,5,measure,7,sum_indices,1048576,4,12846435,11,11,2199021158400,2199021158400
50,gcc-O0,20260916,233,5,measure,8,sum_array_bis,65536,64,12939856,11,11,17176498036539465920,17176498036539465920
50,gcc-O0,20260916,234,5,measure,9,sum_array,1024,4096,11089077,11,11,3478888420496392192,3478888420496392192
50,gcc-O0,20260916,235,5,measure,10,sum_discarded,1048576,4,12585367,11,11,0,0
50,gcc-O0,20260916,236,5,measure,11,sum_array_bis,1048576,4,12178691,11,11,6540209064229282628,6540209064229282628
50,gcc-O0,20260916,237,5,measure,12,sum_discarded,1024,4096,10796008,11,11,0,0
50,gcc-O0,20260916,238,5,measure,13,sum_array,262144,16,12404127,11,11,18419503647289863136,18419503647289863136
50,gcc-O0,20260916,239,5,measure,14,sum_array,256,16384,10006678,11,11,14405276049769955328,14405276049769955328
50,gcc-O0,20260916,240,5,measure,15,sum_array_twice,256,16384,21107994,11,11,10363808025830359040,10363808025830359040
50,gcc-O0,20260916,241,5,measure,16,sum_indices,4096,1024,12070367,11,11,8587837440,8587837440
50,gcc-O0,20260916,242,5,measure,17,sum_array_twice,262144,16,26238094,11,11,18392263220870174656,18392263220870174656
50,gcc-O0,20260916,243,5,measure,18,sum_indices,4194304,1,12971183,11,11,8796090925056,8796090925056
50,gcc-O0,20260916,244,5,measure,19,sum_indices,1024,4096,12031979,11,11,2145386496,2145386496
50,gcc-O0,20260916,245,5,measure,20,sum_array_bis,16384,256,13427536,11,11,5239004827694973952,5239004827694973952
50,gcc-O0,20260916,246,5,measure,21,sum_discarded,16384,256,13402898,11,11,0,0
50,gcc-O0,20260916,247,5,measure,22,sum_array_twice,64,65536,19439709,11,11,8815510976251953152,8815510976251953152
50,gcc-O0,20260916,248,5,measure,23,sum_indices,16384,256,12807292,11,11,34357641216,34357641216
50,gcc-O0,20260916,249,5,measure,24,sum_array_bis,64,65536,8310313,11,11,13631127524980752384,13631127524980752384
50,gcc-O0,20260916,250,5,measure,25,sum_array_twice,4194304,1,27453211,11,11,17426751787961534666,17426751787961534666
50,gcc-O0,20260916,251,5,measure,26,sum_array,65536,64,13181547,11,11,17176498036539465920,17176498036539465920
50,gcc-O0,20260916,252,5,measure,27,sum_indices,65536,64,12936399,11,11,137436856320,137436856320
50,gcc-O0,20260916,253,5,measure,28,sum_discarded,65536,64,12661595,11,11,0,0
50,gcc-O0,20260916,254,5,measure,29,sum_array_bis,262144,16,12488036,11,11,18419503647289863136,18419503647289863136
50,gcc-O0,20260916,255,5,measure,30,sum_discarded,256,16384,9957764,11,11,0,0
50,gcc-O0,20260916,256,5,measure,31,sum_array_twice,1024,4096,22108762,11,11,6957776840992784384,6957776840992784384
50,gcc-O0,20260916,257,5,measure,32,sum_array,4194304,1,13731983,11,11,8713375893980767333,8713375893980767333
50,gcc-O0,20260916,258,5,measure,33,sum_indices,262144,16,12761157,11,11,549753716736,549753716736
50,gcc-O0,20260916,259,5,measure,34,sum_array_bis,4194304,1,13292069,11,11,8713375893980767333,8713375893980767333
50,gcc-O0,20260916,260,5,measure,35,sum_array_bis,256,16384,10396072,11,11,14405276049769955328,14405276049769955328
50,gcc-O0,20260916,261,5,measure,36,sum_discarded,64,65536,8561533,11,11,0,0
50,gcc-O0,20260916,262,5,measure,37,sum_array,4096,1024,11573276,11,11,9207031103383816192,9207031103383816192
50,gcc-O0,20260916,263,5,measure,38,sum_discarded,4096,1024,11563862,11,11,0,0
50,gcc-O0,20260916,264,5,measure,39,sum_indices,64,65536,10828680,11,11,132120576,132120576
50,gcc-O0,20260916,265,5,measure,40,sum_discarded,262144,16,12472791,11,11,0,0
50,gcc-O0,20260916,266,5,measure,41,sum_array_twice,4096,1024,22831574,11,11,18414062206767632384,18414062206767632384
50,gcc-O0,20260916,267,5,measure,42,sum_array_bis,1024,4096,10774760,11,11,3478888420496392192,3478888420496392192
50,gcc-O0,20260916,268,5,measure,43,sum_array_twice,16384,256,25410581,11,11,10478009655389947904,10478009655389947904
50,gcc-O0,20260916,269,5,measure,44,sum_array,1048576,4,12797805,11,11,6540209064229282628,6540209064229282628
50,gcc-O0,20260916,270,6,measure,0,sum_array_twice,65536,64,25357054,11,11,15906251999369380224,15906251999369380224
50,gcc-O0,20260916,271,6,measure,1,sum_array,16384,256,12676655,11,11,5239004827694973952,5239004827694973952
50,gcc-O0,20260916,272,6,measure,2,sum_indices,65536,64,12552502,11,11,137436856320,137436856320
50,gcc-O0,20260916,273,6,measure,3,sum_array_bis,64,65536,8312304,11,11,13631127524980752384,13631127524980752384
50,gcc-O0,20260916,274,6,measure,4,sum_array_bis,4194304,1,13620231,11,11,8713375893980767333,8713375893980767333
50,gcc-O0,20260916,275,6,measure,5,sum_array_twice,1024,4096,22986728,11,11,6957776840992784384,6957776840992784384
50,gcc-O0,20260916,276,6,measure,6,sum_array_bis,256,16384,10407304,11,11,14405276049769955328,14405276049769955328
50,gcc-O0,20260916,277,6,measure,7,sum_array_twice,1048576,4,27122674,11,11,13080418128458565256,13080418128458565256
50,gcc-O0,20260916,278,6,measure,8,sum_array_bis,1024,4096,11176536,11,11,3478888420496392192,3478888420496392192
50,gcc-O0,20260916,279,6,measure,9,sum_array,262144,16,13217869,11,11,18419503647289863136,18419503647289863136
50,gcc-O0,20260916,280,6,measure,10,sum_discarded,262144,16,13322966,11,11,0,0
50,gcc-O0,20260916,281,6,measure,11,sum_indices,262144,16,12774707,11,11,549753716736,549753716736
50,gcc-O0,20260916,282,6,measure,12,sum_array,65536,64,12671110,11,11,17176498036539465920,17176498036539465920
50,gcc-O0,20260916,283,6,measure,13,sum_discarded,16384,256,12615795,11,11,0,0
50,gcc-O0,20260916,284,6,measure,14,sum_array_twice,64,65536,18687021,11,11,8815510976251953152,8815510976251953152
50,gcc-O0,20260916,285,6,measure,15,sum_array,4096,1024,11163941,11,11,9207031103383816192,9207031103383816192
50,gcc-O0,20260916,286,6,measure,16,sum_array_twice,4194304,1,26889408,11,11,17426751787961534666,17426751787961534666
50,gcc-O0,20260916,287,6,measure,17,sum_array,64,65536,8396906,11,11,13631127524980752384,13631127524980752384
50,gcc-O0,20260916,288,6,measure,18,sum_discarded,64,65536,8275752,11,11,0,0
50,gcc-O0,20260916,289,6,measure,19,sum_discarded,65536,64,13256459,11,11,0,0
50,gcc-O0,20260916,290,6,measure,20,sum_indices,16384,256,12555776,11,11,34357641216,34357641216
50,gcc-O0,20260916,291,6,measure,21,sum_array,256,16384,9983714,11,11,14405276049769955328,14405276049769955328
50,gcc-O0,20260916,292,6,measure,22,sum_array_twice,262144,16,25980538,11,11,18392263220870174656,18392263220870174656
50,gcc-O0,20260916,293,6,measure,23,sum_array,4194304,1,14451476,11,11,8713375893980767333,8713375893980767333
50,gcc-O0,20260916,294,6,measure,24,sum_indices,4096,1024,12259087,11,11,8587837440,8587837440
50,gcc-O0,20260916,295,6,measure,25,sum_indices,1048576,4,12915152,11,11,2199021158400,2199021158400
50,gcc-O0,20260916,296,6,measure,26,sum_array_bis,16384,256,12717905,11,11,5239004827694973952,5239004827694973952
50,gcc-O0,20260916,297,6,measure,27,sum_discarded,4194304,1,13588917,11,11,0,0
50,gcc-O0,20260916,298,6,measure,28,sum_array_twice,256,16384,21833636,11,11,10363808025830359040,10363808025830359040
50,gcc-O0,20260916,299,6,measure,29,sum_array_bis,262144,16,12499450,11,11,18419503647289863136,18419503647289863136
50,gcc-O0,20260916,300,6,measure,30,sum_array,1048576,4,12175154,11,11,6540209064229282628,6540209064229282628
50,gcc-O0,20260916,301,6,measure,31,sum_discarded,256,16384,9921149,11,11,0,0
50,gcc-O0,20260916,302,6,measure,32,sum_indices,256,16384,10828936,11,11,534773760,534773760
50,gcc-O0,20260916,303,6,measure,33,sum_array_twice,16384,256,25717198,11,11,10478009655389947904,10478009655389947904
50,gcc-O0,20260916,304,6,measure,34,sum_array_bis,4096,1024,11157592,11,11,9207031103383816192,9207031103383816192
50,gcc-O0,20260916,305,6,measure,35,sum_array_twice,4096,1024,23134218,11,11,18414062206767632384,18414062206767632384
50,gcc-O0,20260916,306,6,measure,36,sum_indices,4194304,1,12497586,11,11,8796090925056,8796090925056
50,gcc-O0,20260916,307,6,measure,37,sum_array_bis,65536,64,13246192,11,11,17176498036539465920,17176498036539465920
50,gcc-O0,20260916,308,6,measure,38,sum_indices,1024,4096,11720116,11,11,2145386496,2145386496
50,gcc-O0,20260916,309,6,measure,39,sum_array,1024,4096,11147944,11,11,3478888420496392192,3478888420496392192
50,gcc-O0,20260916,310,6,measure,40,sum_discarded,4096,1024,11544130,11,11,0,0
50,gcc-O0,20260916,311,6,measure,41,sum_indices,64,65536,11440322,11,11,132120576,132120576
50,gcc-O0,20260916,312,6,measure,42,sum_discarded,1048576,4,12486304,11,11,0,0
50,gcc-O0,20260916,313,6,measure,43,sum_discarded,1024,4096,11080541,11,11,0,0
50,gcc-O0,20260916,314,6,measure,44,sum_array_bis,1048576,4,13039075,11,11,6540209064229282628,6540209064229282628
50,gcc-O0,20260916,315,7,measure,0,sum_discarded,64,65536,8276185,11,11,0,0
50,gcc-O0,20260916,316,7,measure,1,sum_array_bis,1048576,4,13169424,11,11,6540209064229282628,6540209064229282628
50,gcc-O0,20260916,317,7,measure,2,sum_discarded,65536,64,13244170,11,11,0,0
50,gcc-O0,20260916,318,7,measure,3,sum_array_twice,1024,4096,23008675,11,11,6957776840992784384,6957776840992784384
50,gcc-O0,20260916,319,7,measure,4,sum_indices,4194304,1,12895787,11,11,8796090925056,8796090925056
50,gcc-O0,20260916,320,7,measure,5,sum_array,16384,256,12727650,11,11,5239004827694973952,5239004827694973952
50,gcc-O0,20260916,321,7,measure,6,sum_indices,16384,256,12441664,11,11,34357641216,34357641216
50,gcc-O0,20260916,322,7,measure,7,sum_array,1048576,4,12270207,11,11,6540209064229282628,6540209064229282628
50,gcc-O0,20260916,323,7,measure,8,sum_discarded,1048576,4,12631713,11,11,0,0
50,gcc-O0,20260916,324,7,measure,9,sum_discarded,256,16384,9922360,11,11,0,0
50,gcc-O0,20260916,325,7,measure,10,sum_array_twice,4096,1024,23091590,11,11,18414062206767632384,18414062206767632384
50,gcc-O0,20260916,326,7,measure,11,sum_indices,1048576,4,12973290,11,11,2199021158400,2199021158400
50,gcc-O0,20260916,327,7,measure,12,sum_discarded,16384,256,12669570,11,11,0,0
50,gcc-O0,20260916,328,7,measure,13,sum_array,64,65536,8285924,11,11,13631127524980752384,13631127524980752384
50,gcc-O0,20260916,329,7,measure,14,sum_discarded,1024,4096,10938706,11,11,0,0
50,gcc-O0,20260916,330,7,measure,15,sum_array_bis,4096,1024,10966020,11,11,9207031103383816192,9207031103383816192
50,gcc-O0,20260916,331,7,measure,16,sum_array_twice,65536,64,25545912,11,11,15906251999369380224,15906251999369380224
50,gcc-O0,20260916,332,7,measure,17,sum_array,65536,64,12725010,11,11,17176498036539465920,17176498036539465920
50,gcc-O0,20260916,333,7,measure,18,sum_discarded,4194304,1,13726773,11,11,0,0
50,gcc-O0,20260916,334,7,measure,19,sum_array_twice,4194304,1,26380527,11,11,17426751787961534666,17426751787961534666
50,gcc-O0,20260916,335,7,measure,20,sum_array_bis,16384,256,12793323,11,11,5239004827694973952,5239004827694973952
50,gcc-O0,20260916,336,7,measure,21,sum_array_bis,4194304,1,13395432,11,11,8713375893980767333,8713375893980767333
50,gcc-O0,20260916,337,7,measure,22,sum_array_bis,256,16384,10134412,11,11,14405276049769955328,14405276049769955328
50,gcc-O0,20260916,338,7,measure,23,sum_array_twice,16384,256,25492496,11,11,10478009655389947904,10478009655389947904
50,gcc-O0,20260916,339,7,measure,24,sum_indices,4096,1024,12408498,11,11,8587837440,8587837440
50,gcc-O0,20260916,340,7,measure,25,sum_indices,256,16384,11090386,11,11,534773760,534773760
50,gcc-O0,20260916,341,7,measure,26,sum_discarded,262144,16,12640096,11,11,0,0
50,gcc-O0,20260916,342,7,measure,27,sum_array_twice,64,65536,19139008,11,11,8815510976251953152,8815510976251953152
50,gcc-O0,20260916,343,7,measure,28,sum_array_twice,1048576,4,24334336,11,11,13080418128458565256,13080418128458565256
50,gcc-O0,20260916,344,7,measure,29,sum_indices,64,65536,10847120,11,11,132120576,132120576
50,gcc-O0,20260916,345,7,measure,30,sum_array_bis,64,65536,8298923,11,11,13631127524980752384,13631127524980752384
50,gcc-O0,20260916,346,7,measure,31,sum_array_twice,256,16384,21564763,11,11,10363808025830359040,10363808025830359040
50,gcc-O0,20260916,347,7,measure,32,sum_array_bis,65536,64,12767463,11,11,17176498036539465920,17176498036539465920
50,gcc-O0,20260916,348,7,measure,33,sum_indices,262144,16,12910303,11,11,549753716736,549753716736
50,gcc-O0,20260916,349,7,measure,34,sum_indices,1024,4096,11747668,11,11,2145386496,2145386496
50,gcc-O0,20260916,350,7,measure,35,sum_array,262144,16,12700011,11,11,18419503647289863136,18419503647289863136
50,gcc-O0,20260916,351,7,measure,36,sum_array,256,16384,10400557,11,11,14405276049769955328,14405276049769955328
50,gcc-O0,20260916,352,7,measure,37,sum_discarded,4096,1024,11521448,11,11,0,0
50,gcc-O0,20260916,353,7,measure,38,sum_array_bis,1024,4096,10872477,11,11,3478888420496392192,3478888420496392192
50,gcc-O0,20260916,354,7,measure,39,sum_array,1024,4096,10752906,11,11,3478888420496392192,3478888420496392192
50,gcc-O0,20260916,355,7,measure,40,sum_array_twice,262144,16,24744273,11,11,18392263220870174656,18392263220870174656
50,gcc-O0,20260916,356,7,measure,41,sum_array,4194304,1,13414179,11,11,8713375893980767333,8713375893980767333
50,gcc-O0,20260916,357,7,measure,42,sum_array,4096,1024,11097863,11,11,9207031103383816192,9207031103383816192
50,gcc-O0,20260916,358,7,measure,43,sum_array_bis,262144,16,12404928,11,11,18419503647289863136,18419503647289863136
50,gcc-O0,20260916,359,7,measure,44,sum_indices,65536,64,12698675,11,11,137436856320,137436856320
50,gcc-O0,20260916,360,8,measure,0,sum_array,1048576,4,12664828,11,11,6540209064229282628,6540209064229282628
50,gcc-O0,20260916,361,8,measure,1,sum_array_twice,16384,256,26424010,11,11,10478009655389947904,10478009655389947904
50,gcc-O0,20260916,362,8,measure,2,sum_discarded,4194304,1,13836287,11,11,0,0
50,gcc-O0,20260916,363,8,measure,3,sum_array_bis,16384,256,12787703,11,11,5239004827694973952,5239004827694973952
50,gcc-O0,20260916,364,8,measure,4,sum_array_bis,4096,1024,11096826,11,11,9207031103383816192,9207031103383816192
50,gcc-O0,20260916,365,8,measure,5,sum_discarded,1048576,4,11938447,11,11,0,0
50,gcc-O0,20260916,366,8,measure,6,sum_array,64,65536,8255248,11,11,13631127524980752384,13631127524980752384
50,gcc-O0,20260916,367,8,measure,7,sum_indices,4096,1024,12408784,11,11,8587837440,8587837440
50,gcc-O0,20260916,368,8,measure,8,sum_indices,16384,256,12440154,11,11,34357641216,34357641216
50,gcc-O0,20260916,369,8,measure,9,sum_array_bis,64,65536,8047293,11,11,13631127524980752384,13631127524980752384
50,gcc-O0,20260916,370,8,measure,10,sum_array_twice,65536,64,25534392,11,11,15906251999369380224,15906251999369380224
50,gcc-O0,20260916,371,8,measure,11,sum_array_twice,4096,1024,22993868,11,11,18414062206767632384,18414062206767632384
50,gcc-O0,20260916,372,8,measure,12,sum_array_twice,256,16384,21148799,11,11,10363808025830359040,10363808025830359040
50,gcc-O0,20260916,373,8,measure,13,sum_discarded,64,65536,9297288,11,11,0,0
50,gcc-O0,20260916,374,8,measure,14,sum_indices,262144,16,12716274,11,11,549753716736,549753716736
50,gcc-O0,20260916,375,8,measure,15,sum_indices,1024,4096,11734351,11,11,2145386496,2145386496
50,gcc-O0,20260916,376,8,measure,16,sum_array,256,16384,10024510,11,11,14405276049769955328,14405276049769955328
50,gcc-O0,20260916,377,8,measure,17,sum_array,4194304,1,13921971,11,11,8713375893980767333,8713375893980767333
50,gcc-O0,20260916,378,8,measure,18,sum_array_twice,64,65536,18690744,11,11,8815510976251953152,8815510976251953152
50,gcc-O0,20260916,379,8,measure,19,sum_array_bis,256,16384,10465416,11,11,14405276049769955328,14405276049769955328
50,gcc-O0,20260916,380,8,measure,20,sum_array,4096,1024,11339761,11,11,9207031103383816192,9207031103383816192
50,gcc-O0,20260916,381,8,measure,21,sum_array,16384,256,12340550,11,11,5239004827694973952,5239004827694973952
50,gcc-O0,20260916,382,8,measure,22,sum_array_bis,1048576,4,14615830,11,11,6540209064229282628,6540209064229282628
50,gcc-O0,20260916,383,8,measure,23,sum_discarded,262144,16,12734649,11,11,0,0
50,gcc-O0,20260916,384,8,measure,24,sum_array_twice,262144,16,25690354,11,11,18392263220870174656,18392263220870174656
50,gcc-O0,20260916,385,8,measure,25,sum_array,1024,4096,10742635,11,11,3478888420496392192,3478888420496392192
50,gcc-O0,20260916,386,8,measure,26,sum_indices,64,65536,10411096,11,11,132120576,132120576
50,gcc-O0,20260916,387,8,measure,27,sum_indices,1048576,4,12550552,11,11,2199021158400,2199021158400
50,gcc-O0,20260916,388,8,measure,28,sum_array_bis,1024,4096,10725832,11,11,3478888420496392192,3478888420496392192
50,gcc-O0,20260916,389,8,measure,29,sum_array_bis,4194304,1,14247407,11,11,8713375893980767333,8713375893980767333
50,gcc-O0,20260916,390,8,measure,30,sum_discarded,1024,4096,10955071,11,11,0,0
50,gcc-O0,20260916,391,8,measure,31,sum_discarded,65536,64,13027949,11,11,0,0
50,gcc-O0,20260916,392,8,measure,32,sum_array_bis,65536,64,13129277,11,11,17176498036539465920,17176498036539465920
50,gcc-O0,20260916,393,8,measure,33,sum_array_twice,1024,4096,23035268,11,11,6957776840992784384,6957776840992784384
50,gcc-O0,20260916,394,8,measure,34,sum_array,262144,16,12982188,11,11,18419503647289863136,18419503647289863136
50,gcc-O0,20260916,395,8,measure,35,sum_array,65536,64,12916658,11,11,17176498036539465920,17176498036539465920
50,gcc-O0,20260916,396,8,measure,36,sum_indices,256,16384,10926602,11,11,534773760,534773760
50,gcc-O0,20260916,397,8,measure,37,sum_array_bis,262144,16,12270466,11,11,18419503647289863136,18419503647289863136
50,gcc-O0,20260916,398,8,measure,38,sum_discarded,4096,1024,11180302,11,11,0,0
50,gcc-O0,20260916,399,8,measure,39,sum_discarded,16384,256,12657027,11,11,0,0
50,gcc-O0,20260916,400,8,measure,40,sum_indices,4194304,1,12782996,11,11,8796090925056,8796090925056
50,gcc-O0,20260916,401,8,measure,41,sum_indices,65536,64,12574910,11,11,137436856320,137436856320
50,gcc-O0,20260916,402,8,measure,42,sum_array_twice,4194304,1,27187262,11,11,17426751787961534666,17426751787961534666
50,gcc-O0,20260916,403,8,measure,43,sum_discarded,256,16384,9933151,11,11,0,0
50,gcc-O0,20260916,404,8,measure,44,sum_array_twice,1048576,4,25183772,11,11,13080418128458565256,13080418128458565256
50,gcc-O0,20260916,405,9,measure,0,sum_array_bis,1024,4096,10706740,11,11,3478888420496392192,3478888420496392192
50,gcc-O0,20260916,406,9,measure,1,sum_discarded,1024,4096,10612615,11,11,0,0
50,gcc-O0,20260916,407,9,measure,2,sum_array_twice,65536,64,25562034,11,11,15906251999369380224,15906251999369380224
50,gcc-O0,20260916,408,9,measure,3,sum_discarded,4194304,1,13522715,11,11,0,0
50,gcc-O0,20260916,409,9,measure,4,sum_array_twice,262144,16,24970259,11,11,18392263220870174656,18392263220870174656
50,gcc-O0,20260916,410,9,measure,5,sum_array_twice,1048576,4,25050103,11,11,13080418128458565256,13080418128458565256
50,gcc-O0,20260916,411,9,measure,6,sum_indices,65536,64,12522795,11,11,137436856320,137436856320
50,gcc-O0,20260916,412,9,measure,7,sum_indices,4096,1024,12200709,11,11,8587837440,8587837440
50,gcc-O0,20260916,413,9,measure,8,sum_indices,16384,256,12354828,11,11,34357641216,34357641216
50,gcc-O0,20260916,414,9,measure,9,sum_indices,1048576,4,12628915,11,11,2199021158400,2199021158400
50,gcc-O0,20260916,415,9,measure,10,sum_array_twice,4194304,1,26766784,11,11,17426751787961534666,17426751787961534666
50,gcc-O0,20260916,416,9,measure,11,sum_discarded,262144,16,13246403,11,11,0,0
50,gcc-O0,20260916,417,9,measure,12,sum_array,4194304,1,13540383,11,11,8713375893980767333,8713375893980767333
50,gcc-O0,20260916,418,9,measure,13,sum_array_bis,262144,16,12460290,11,11,18419503647289863136,18419503647289863136
50,gcc-O0,20260916,419,9,measure,14,sum_array_twice,64,65536,19542645,11,11,8815510976251953152,8815510976251953152
50,gcc-O0,20260916,420,9,measure,15,sum_discarded,65536,64,13116455,11,11,0,0
50,gcc-O0,20260916,421,9,measure,16,sum_discarded,4096,1024,11463918,11,11,0,0
50,gcc-O0,20260916,422,9,measure,17,sum_array_twice,16384,256,26211614,11,11,10478009655389947904,10478009655389947904
50,gcc-O0,20260916,423,9,measure,18,sum_array_twice,256,16384,21134590,11,11,10363808025830359040,10363808025830359040
50,gcc-O0,20260916,424,9,measure,19,sum_discarded,256,16384,9931035,11,11,0,0
50,gcc-O0,20260916,425,9,measure,20,sum_array_twice,1024,4096,22292309,11,11,6957776840992784384,6957776840992784384
50,gcc-O0,20260916,426,9,measure,21,sum_indices,256,16384,10971983,11,11,534773760,534773760
50,gcc-O0,20260916,427,9,measure,22,sum_array_twice,4096,1024,22782765,11,11,18414062206767632384,18414062206767632384
50,gcc-O0,20260916,428,9,measure,23,sum_array,4096,1024,11140949,11,11,9207031103383816192,9207031103383816192
50,gcc-O0,20260916,429,9,measure,24,sum_array,64,65536,8042368,11,11,13631127524980752384,13631127524980752384
50,gcc-O0,20260916,430,9,measure,25,sum_indices,64,65536,10973113,11,11,132120576,132120576
50,gcc-O0,20260916,431,9,measure,26,sum_array,16384,256,12731244,11,11,5239004827694973952,5239004827694973952
50,gcc-O0,20260916,432,9,measure,27,sum_array_bis,256,16384,10176477,11,11,14405276049769955328,14405276049769955328
50,gcc-O0,20260916,433,9,measure,28,sum_discarded,64,65536,8208045,11,11,0,0
50,gcc-O0,20260916,434,9,measure,29,sum_indices,1024,4096,11721654,11,11,2145386496,2145386496
50,gcc-O0,20260916,435,9,measure,30,sum_array_bis,4194304,1,14263591,11,11,8713375893980767333,8713375893980767333
50,gcc-O0,20260916,436,9,measure,31,sum_array_bis,64,65536,8610062,11,11,13631127524980752384,13631127524980752384
50,gcc-O0,20260916,437,9,measure,32,sum_discarded,16384,256,13084762,11,11,0,0
50,gcc-O0,20260916,438,9,measure,33,sum_array_bis,4096,1024,11571230,11,11,9207031103383816192,9207031103383816192
50,gcc-O0,20260916,439,9,measure,34,sum_array,1048576,4,13835534,11,11,6540209064229282628,6540209064229282628
50,gcc-O0,20260916,440,9,measure,35,sum_array,65536,64,12798877,11,11,17176498036539465920,17176498036539465920
50,gcc-O0,20260916,441,9,measure,36,sum_array,262144,16,12720212,11,11,18419503647289863136,18419503647289863136
50,gcc-O0,20260916,442,9,measure,37,sum_array_bis,1048576,4,13034336,11,11,6540209064229282628,6540209064229282628
50,gcc-O0,20260916,443,9,measure,38,sum_indices,262144,16,12787753,11,11,549753716736,549753716736
50,gcc-O0,20260916,444,9,measure,39,sum_array,1024,4096,10772522,11,11,3478888420496392192,3478888420496392192
50,gcc-O0,20260916,445,9,measure,40,sum_discarded,1048576,4,15141714,11,11,0,0
50,gcc-O0,20260916,446,9,measure,41,sum_indices,4194304,1,12716718,11,11,8796090925056,8796090925056
50,gcc-O0,20260916,447,9,measure,42,sum_array_bis,65536,64,13068633,11,11,17176498036539465920,17176498036539465920
50,gcc-O0,20260916,448,9,measure,43,sum_array,256,16384,10087468,11,11,14405276049769955328,14405276049769955328
50,gcc-O0,20260916,449,9,measure,44,sum_array_bis,16384,256,12659979,11,11,5239004827694973952,5239004827694973952
50,gcc-O0,20260916,450,10,measure,0,sum_array_twice,262144,16,25200564,11,11,18392263220870174656,18392263220870174656
50,gcc-O0,20260916,451,10,measure,1,sum_array,1024,4096,10769660,11,11,3478888420496392192,3478888420496392192
50,gcc-O0,20260916,452,10,measure,2,sum_array,4194304,1,13799347,11,11,8713375893980767333,8713375893980767333
50,gcc-O0,20260916,453,10,measure,3,sum_indices,4096,1024,12079953,11,11,8587837440,8587837440
50,gcc-O0,20260916,454,10,measure,4,sum_array_twice,4194304,1,27925951,11,11,17426751787961534666,17426751787961534666
50,gcc-O0,20260916,455,10,measure,5,sum_array_bis,4194304,1,13649707,11,11,8713375893980767333,8713375893980767333
50,gcc-O0,20260916,456,10,measure,6,sum_array,256,16384,10083647,11,11,14405276049769955328,14405276049769955328
50,gcc-O0,20260916,457,10,measure,7,sum_array_bis,65536,64,12650328,11,11,17176498036539465920,17176498036539465920
50,gcc-O0,20260916,458,10,measure,8,sum_array,64,65536,8034189,11,11,13631127524980752384,13631127524980752384
50,gcc-O0,20260916,459,10,measure,9,sum_array_twice,16384,256,25349788,11,11,10478009655389947904,10478009655389947904
50,gcc-O0,20260916,460,10,measure,10,sum_indices,65536,64,12643124,11,11,137436856320,137436856320
50,gcc-O0,20260916,461,10,measure,11,sum_indices,1048576,4,12628978,11,11,2199021158400,2199021158400
50,gcc-O0,20260916,462,10,measure,12,sum_indices,4194304,1,13305648,11,11,8796090925056,8796090925056
50,gcc-O0,20260916,463,10,measure,13,sum_discarded,256,16384,10321855,11,11,0,0
50,gcc-O0,20260916,464,10,measure,14,sum_discarded,64,65536,8269969,11,11,0,0
50,gcc-O0,20260916,465,10,measure,15,sum_array,1048576,4,13225404,11,11,6540209064229282628,6540209064229282628
50,gcc-O0,20260916,466,10,measure,16,sum_discarded,65536,64,13148056,11,11,0,0
50,gcc-O0,20260916,467,10,measure,17,sum_array_bis,4096,1024,11574229,11,11,9207031103383816192,9207031103383816192
50,gcc-O0,20260916,468,10,measure,18,sum_discarded,262144,16,13123127,11,11,0,0
50,gcc-O0,20260916,469,10,measure,19,sum_array_bis,1048576,4,12990034,11,11,6540209064229282628,6540209064229282628
50,gcc-O0,20260916,470,10,measure,20,sum_indices,262144,16,13201104,11,11,549753716736,549753716736
50,gcc-O0,20260916,471,10,measure,21,sum_discarded,1048576,4,12783012,11,11,0,0
50,gcc-O0,20260916,472,10,measure,22,sum_indices,1024,4096,12188313,11,11,2145386496,2145386496
50,gcc-O0,20260916,473,10,measure,23,sum_array_twice,65536,64,26523376,11,11,15906251999369380224,15906251999369380224
50,gcc-O0,20260916,474,10,measure,24,sum_indices,64,65536,11305716,11,11,132120576,132120576
50,gcc-O0,20260916,475,10,measure,25,sum_array_twice,256,16384,21930425,11,11,10363808025830359040,10363808025830359040
50,gcc-O0,20260916,476,10,measure,26,sum_indices,256,16384,11286479,11,11,534773760,534773760
50,gcc-O0,20260916,477,10,measure,27,sum_discarded,16384,256,13192191,11,11,0,0
50,gcc-O0,20260916,478,10,measure,28,sum_array_bis,256,16384,10406758,11,11,14405276049769955328,14405276049769955328
50,gcc-O0,20260916,479,10,measure,29,sum_indices,16384,256,13036487,11,11,34357641216,34357641216
50,gcc-O0,20260916,480,10,measure,30,sum_array,16384,256,13193714,11,11,5239004827694973952,5239004827694973952
50,gcc-O0,20260916,481,10,measure,31,sum_array_twice,4096,1024,24192086,11,11,18414062206767632384,18414062206767632384
50,gcc-O0,20260916,482,10,measure,32,sum_array_bis,262144,16,13305636,11,11,18419503647289863136,18419503647289863136
50,gcc-O0,20260916,483,10,measure,33,sum_array_bis,1024,4096,11240109,11,11,3478888420496392192,3478888420496392192
50,gcc-O0,20260916,484,10,measure,34,sum_array,262144,16,13384853,11,11,18419503647289863136,18419503647289863136
50,gcc-O0,20260916,485,10,measure,35,sum_discarded,4096,1024,11568772,11,11,0,0
50,gcc-O0,20260916,486,10,measure,36,sum_array,4096,1024,11572280,11,11,9207031103383816192,9207031103383816192
50,gcc-O0,20260916,487,10,measure,37,sum_discarded,4194304,1,14404532,11,11,0,0
50,gcc-O0,20260916,488,10,measure,38,sum_array_bis,16384,256,13260490,11,11,5239004827694973952,5239004827694973952
50,gcc-O0,20260916,489,10,measure,39,sum_array_twice,1024,4096,23028842,11,11,6957776840992784384,6957776840992784384
50,gcc-O0,20260916,490,10,measure,40,sum_array_twice,64,65536,19878206,11,11,8815510976251953152,8815510976251953152
50,gcc-O0,20260916,491,10,measure,41,sum_array_twice,1048576,4,27671398,11,11,13080418128458565256,13080418128458565256
50,gcc-O0,20260916,492,10,measure,42,sum_discarded,1024,4096,10712363,11,11,0,0
50,gcc-O0,20260916,493,10,measure,43,sum_array,65536,64,12780253,11,11,17176498036539465920,17176498036539465920
50,gcc-O0,20260916,494,10,measure,44,sum_array_bis,64,65536,9850295,11,11,13631127524980752384,13631127524980752384
50,gcc-O0,20260916,495,11,measure,0,sum_array_bis,16384,256,12774265,11,11,5239004827694973952,5239004827694973952
50,gcc-O0,20260916,496,11,measure,1,sum_indices,16384,256,12503645,11,11,34357641216,34357641216
50,gcc-O0,20260916,497,11,measure,2,sum_array_bis,4194304,1,13509438,11,11,8713375893980767333,8713375893980767333
50,gcc-O0,20260916,498,11,measure,3,sum_indices,4096,1024,12098611,11,11,8587837440,8587837440
50,gcc-O0,20260916,499,11,measure,4,sum_indices,64,65536,10506234,11,11,132120576,132120576
50,gcc-O0,20260916,500,11,measure,5,sum_indices,262144,16,12700612,11,11,549753716736,549753716736
50,gcc-O0,20260916,501,11,measure,6,sum_discarded,64,65536,7959825,11,11,0,0
50,gcc-O0,20260916,502,11,measure,7,sum_indices,4194304,1,13101304,11,11,8796090925056,8796090925056
50,gcc-O0,20260916,503,11,measure,8,sum_discarded,4096,1024,11773360,11,11,0,0
50,gcc-O0,20260916,504,11,measure,9,sum_array_bis,4096,1024,11904934,11,11,9207031103383816192,9207031103383816192
50,gcc-O0,20260916,505,11,measure,10,sum_array,256,16384,10366490,11,11,14405276049769955328,14405276049769955328
50,gcc-O0,20260916,506,11,measure,11,sum_array,4194304,1,13543196,11,11,8713375893980767333,8713375893980767333
50,gcc-O0,20260916,507,11,measure,12,sum_array,16384,256,13065163,11,11,5239004827694973952,5239004827694973952
50,gcc-O0,20260916,508,11,measure,13,sum_discarded,4194304,1,13337904,11,11,0,0
50,gcc-O0,20260916,509,11,measure,14,sum_indices,1048576,4,12672625,11,11,2199021158400,2199021158400
50,gcc-O0,20260916,510,11,measure,15,sum_array_twice,4096,1024,22903515,11,11,18414062206767632384,18414062206767632384
50,gcc-O0,20260916,511,11,measure,16,sum_array_twice,64,65536,18690849,11,11,8815510976251953152,8815510976251953152
50,gcc-O0,20260916,512,11,measure,17,sum_array_twice,16384,256,25408095,11,11,10478009655389947904,10478009655389947904
50,gcc-O0,20260916,513,11,measure,18,sum_array_twice,262144,16,25401626,11,11,18392263220870174656,18392263220870174656
50,gcc-O0,20260916,514,11,measure,19,sum_array_twice,256,16384,21087031,11,11,10363808025830359040,10363808025830359040
50,gcc-O0,20260916,515,11,measure,20,sum_discarded,16384,256,12703221,11,11,0,0
50,gcc-O0,20260916,516,11,measure,21,sum_array_twice,65536,64,25243504,11,11,15906251999369380224,15906251999369380224
50,gcc-O0,20260916,517,11,measure,22,sum_array,262144,16,12991440,11,11,18419503647289863136,18419503647289863136
50,gcc-O0,20260916,518,11,measure,23,sum_discarded,1024,4096,10989887,11,11,0,0
50,gcc-O0,20260916,519,11,measure,24,sum_indices,256,16384,11015380,11,11,534773760,534773760
50,gcc-O0,20260916,520,11,measure,25,sum_array,4096,1024,11119422,11,11,9207031103383816192,9207031103383816192
50,gcc-O0,20260916,521,11,measure,26,sum_discarded,256,16384,9918596,11,11,0,0
50,gcc-O0,20260916,522,11,measure,27,sum_indices,65536,64,12690375,11,11,137436856320,137436856320
50,gcc-O0,20260916,523,11,measure,28,sum_array_bis,1024,4096,11133035,11,11,3478888420496392192,3478888420496392192
50,gcc-O0,20260916,524,11,measure,29,sum_array,64,65536,8691469,11,11,13631127524980752384,13631127524980752384
50,gcc-O0,20260916,525,11,measure,30,sum_array_twice,1048576,4,25129838,11,11,13080418128458565256,13080418128458565256
50,gcc-O0,20260916,526,11,measure,31,sum_array,65536,64,12767860,11,11,17176498036539465920,17176498036539465920
50,gcc-O0,20260916,527,11,measure,32,sum_indices,1024,4096,11856903,11,11,2145386496,2145386496
50,gcc-O0,20260916,528,11,measure,33,sum_array_bis,256,16384,10037037,11,11,14405276049769955328,14405276049769955328
50,gcc-O0,20260916,529,11,measure,34,sum_discarded,1048576,4,12731392,11,11,0,0
50,gcc-O0,20260916,530,11,measure,35,sum_array,1048576,4,12375516,11,11,6540209064229282628,6540209064229282628
50,gcc-O0,20260916,531,11,measure,36,sum_array_bis,1048576,4,12319474,11,11,6540209064229282628,6540209064229282628
50,gcc-O0,20260916,532,11,measure,37,sum_array_bis,262144,16,12866457,11,11,18419503647289863136,18419503647289863136
50,gcc-O0,20260916,533,11,measure,38,sum_array_bis,65536,64,12762360,11,11,17176498036539465920,17176498036539465920
50,gcc-O0,20260916,534,11,measure,39,sum_discarded,262144,16,12836805,11,11,0,0
50,gcc-O0,20260916,535,11,measure,40,sum_array_twice,4194304,1,27627437,11,11,17426751787961534666,17426751787961534666
50,gcc-O0,20260916,536,11,measure,41,sum_array_twice,1024,4096,22337580,11,11,6957776840992784384,6957776840992784384
50,gcc-O0,20260916,537,11,measure,42,sum_array,1024,4096,10768696,11,11,3478888420496392192,3478888420496392192
50,gcc-O0,20260916,538,11,measure,43,sum_discarded,65536,64,12524181,11,11,0,0
50,gcc-O0,20260916,539,11,measure,44,sum_array_bis,64,65536,8027612,11,11,13631127524980752384,13631127524980752384
50,gcc-O0,20260916,540,12,measure,0,sum_discarded,16384,256,12681693,11,11,0,0
50,gcc-O0,20260916,541,12,measure,1,sum_array_twice,4096,1024,23342085,11,11,18414062206767632384,18414062206767632384
50,gcc-O0,20260916,542,12,measure,2,sum_array_bis,262144,16,12721383,11,11,18419503647289863136,18419503647289863136
50,gcc-O0,20260916,543,12,measure,3,sum_indices,16384,256,12386579,11,11,34357641216,34357641216
50,gcc-O0,20260916,544,12,measure,4,sum_array,65536,64,12799159,11,11,17176498036539465920,17176498036539465920
50,gcc-O0,20260916,545,12,measure,5,sum_array_twice,256,16384,21092775,11,11,10363808025830359040,10363808025830359040
50,gcc-O0,20260916,546,12,measure,6,sum_indices,4096,1024,12174058,11,11,8587837440,8587837440
50,gcc-O0,20260916,547,12,measure,7,sum_discarded,65536,64,12774569,11,11,0,0
50,gcc-O0,20260916,548,12,measure,8,sum_array_bis,1024,4096,10760720,11,11,3478888420496392192,3478888420496392192
50,gcc-O0,20260916,549,12,measure,9,sum_array_bis,256,16384,10036714,11,11,14405276049769955328,14405276049769955328
50,gcc-O0,20260916,550,12,measure,10,sum_array_twice,16384,256,25498195,11,11,10478009655389947904,10478009655389947904
50,gcc-O0,20260916,551,12,measure,11,sum_array_twice,4194304,1,25951176,11,11,17426751787961534666,17426751787961534666
50,gcc-O0,20260916,552,12,measure,12,sum_indices,4194304,1,12735737,11,11,8796090925056,8796090925056
50,gcc-O0,20260916,553,12,measure,13,sum_array,64,65536,8324292,11,11,13631127524980752384,13631127524980752384
50,gcc-O0,20260916,554,12,measure,14,sum_array,4096,1024,11598826,11,11,9207031103383816192,9207031103383816192
50,gcc-O0,20260916,555,12,measure,15,sum_discarded,1048576,4,13156054,11,11,0,0
50,gcc-O0,20260916,556,12,measure,16,sum_indices,1024,4096,12153946,11,11,2145386496,2145386496
50,gcc-O0,20260916,557,12,measure,17,sum_discarded,256,16384,10289550,11,11,0,0
50,gcc-O0,20260916,558,12,measure,18,sum_discarded,262144,16,13148390,11,11,0,0
50,gcc-O0,20260916,559,12,measure,19,sum_array,256,16384,10022060,11,11,14405276049769955328,14405276049769955328
50,gcc-O0,20260916,560,12,measure,20,sum_array_bis,1048576,4,12640863,11,11,6540209064229282628,6540209064229282628
50,gcc-O0,20260916,561,12,measure,21,sum_array_twice,65536,64,25229096,11,11,15906251999369380224,15906251999369380224
50,gcc-O0,20260916,562,12,measure,22,sum_indices,65536,64,12510967,11,11,137436856320,137436856320
50,gcc-O0,20260916,563,12,measure,23,sum_array_bis,4194304,1,13483602,11,11,8713375893980767333,8713375893980767333
50,gcc-O0,20260916,564,12,measure,24,sum_array_twice,1024,4096,22894240,11,11,6957776840992784384,6957776840992784384
50,gcc-O0,20260916,565,12,measure,25,sum_array_twice,262144,16,26332850,11,11,18392263220870174656,18392263220870174656
50,gcc-O0,20260916,566,12,measure,26,sum_array_bis,65536,64,13404647,11,11,17176498036539465920,17176498036539465920
50,gcc-O0,20260916,567,12,measure,27,sum_array_bis,4096,1024,11516207,11,11,9207031103383816192,9207031103383816192
50,gcc-O0,20260916,568,12,measure,28,sum_array_bis,64,65536,9173770,11,11,13631127524980752384,13631127524980752384
50,gcc-O0,20260916,569,12,measure,29,sum_indices,1048576,4,12769979,11,11,2199021158400,2199021158400
50,gcc-O0,20260916,570,12,measure,30,sum_indices,262144,16,12797306,11,11,549753716736,549753716736
50,gcc-O0,20260916,571,12,measure,31,sum_discarded,64,65536,8068136,11,11,0,0
50,gcc-O0,20260916,572,12,measure,32,sum_array_twice,64,65536,18742393,11,11,8815510976251953152,8815510976251953152
50,gcc-O0,20260916,573,12,measure,33,sum_indices,256,16384,10866256,11,11,534773760,534773760
50,gcc-O0,20260916,574,12,measure,34,sum_array,1024,4096,10746088,11,11,3478888420496392192,3478888420496392192
50,gcc-O0,20260916,575,12,measure,35,sum_discarded,1024,4096,10685640,11,11,0,0
50,gcc-O0,20260916,576,12,measure,36,sum_array,1048576,4,12644638,11,11,6540209064229282628,6540209064229282628
50,gcc-O0,20260916,577,12,measure,37,sum_indices,64,65536,10704446,11,11,132120576,132120576
50,gcc-O0,20260916,578,12,measure,38,sum_array,16384,256,12676020,11,11,5239004827694973952,5239004827694973952
50,gcc-O0,20260916,579,12,measure,39,sum_array,4194304,1,14071788,11,11,8713375893980767333,8713375893980767333
50,gcc-O0,20260916,580,12,measure,40,sum_array_bis,16384,256,12711240,11,11,5239004827694973952,5239004827694973952
50,gcc-O0,20260916,581,12,measure,41,sum_array,262144,16,12578953,11,11,18419503647289863136,18419503647289863136
50,gcc-O0,20260916,582,12,measure,42,sum_array_twice,1048576,4,25781479,11,11,13080418128458565256,13080418128458565256
50,gcc-O0,20260916,583,12,measure,43,sum_discarded,4194304,1,13480194,11,11,0,0
50,gcc-O0,20260916,584,12,measure,44,sum_discarded,4096,1024,11135292,11,11,0,0
50,gcc-O0,20260916,585,13,measure,0,sum_array_bis,64,65536,8018345,11,11,13631127524980752384,13631127524980752384
50,gcc-O0,20260916,586,13,measure,1,sum_array_twice,65536,64,25340243,11,11,15906251999369380224,15906251999369380224
50,gcc-O0,20260916,587,13,measure,2,sum_array_twice,256,16384,21407096,11,11,10363808025830359040,10363808025830359040
50,gcc-O0,20260916,588,13,measure,3,sum_indices,256,16384,11611620,11,11,534773760,534773760
50,gcc-O0,20260916,589,13,measure,4,sum_array,4096,1024,11223394,11,11,9207031103383816192,9207031103383816192
50,gcc-O0,20260916,590,13,measure,5,sum_array_bis,16384,256,12803428,11,11,5239004827694973952,5239004827694973952
50,gcc-O0,20260916,591,13,measure,6,sum_array_bis,4194304,1,14117973,11,11,8713375893980767333,8713375893980767333
50,gcc-O0,20260916,592,13,measure,7,sum_array_twice,64,65536,19520206,11,11,8815510976251953152,8815510976251953152
50,gcc-O0,20260916,593,13,measure,8,sum_array_bis,1024,4096,10739770,11,11,3478888420496392192,3478888420496392192
50,gcc-O0,20260916,594,13,measure,9,sum_array_twice,1048576,4,25857631,11,11,13080418128458565256,13080418128458565256
50,gcc-O0,20260916,595,13,measure,10,sum_array,64,65536,8799039,11,11,13631127524980752384,13631127524980752384
50,gcc-O0,20260916,596,13,measure,11,sum_discarded,262144,16,12564382,11,11,0,0
50,gcc-O0,20260916,597,13,measure,12,sum_array_twice,262144,16,25675018,11,11,18392263220870174656,18392263220870174656
50,gcc-O0,20260916,598,13,measure,13,sum_discarded,64,65536,8056003,11,11,0,0
50,gcc-O0,20260916,599,13,measure,14,sum_discarded,256,16384,9955392,11,11,0,0
50,gcc-O0,20260916,600,13,measure,15,sum_array_bis,262144,16,12959567,11,11,18419503647289863136,18419503647289863136
50,gcc-O0,20260916,601,13,measure,16,sum_discarded,16384,256,12796454,11,11,0,0
50,gcc-O0,20260916,602,13,measure,17,sum_indices,4096,1024,12309954,11,11,8587837440,8587837440
50,gcc-O0,20260916,603,13,measure,18,sum_discarded,4096,1024,11132595,11,11,0,0
50,gcc-O0,20260916,604,13,measure,19,sum_array_twice,16384,256,25459482,11,11,10478009655389947904,10478009655389947904
50,gcc-O0,20260916,605,13,measure,20,sum_discarded,4194304,1,14093664,11,11,0,0
50,gcc-O0,20260916,606,13,measure,21,sum_discarded,1048576,4,13212420,11,11,0,0
50,gcc-O0,20260916,607,13,measure,22,sum_array,1048576,4,12367701,11,11,6540209064229282628,6540209064229282628
50,gcc-O0,20260916,608,13,measure,23,sum_array,65536,64,12737780,11,11,17176498036539465920,17176498036539465920
50,gcc-O0,20260916,609,13,measure,24,sum_indices,4194304,1,12563448,11,11,8796090925056,8796090925056
50,gcc-O0,20260916,610,13,measure,25,sum_array_bis,256,16384,10048101,11,11,14405276049769955328,14405276049769955328
50,gcc-O0,20260916,611,13,measure,26,sum_array,1024,4096,10745650,11,11,3478888420496392192,3478888420496392192
50,gcc-O0,20260916,612,13,measure,27,sum_array_twice,4096,1024,23049924,11,11,18414062206767632384,18414062206767632384
50,gcc-O0,20260916,613,13,measure,28,sum_indices,16384,256,12485431,11,11,34357641216,34357641216
50,gcc-O0,20260916,614,13,measure,29,sum_array,262144,16,12717834,11,11,18419503647289863136,18419503647289863136
50,gcc-O0,20260916,615,13,measure,30,sum_array,256,16384,10023125,11,11,14405276049769955328,14405276049769955328
50,gcc-O0,20260916,616,13,measure,31,sum_discarded,65536,64,12756326,11,11,0,0
50,gcc-O0,20260916,617,13,measure,32,sum_indices,1048576,4,12554098,11,11,2199021158400,2199021158400
50,gcc-O0,20260916,618,13,measure,33,sum_indices,64,65536,10220209,11,11,132120576,132120576
50,gcc-O0,20260916,619,13,measure,34,sum_array_twice,4194304,1,26497664,11,11,17426751787961534666,17426751787961534666
50,gcc-O0,20260916,620,13,measure,35,sum_array,4194304,1,13138665,11,11,8713375893980767333,8713375893980767333
50,gcc-O0,20260916,621,13,measure,36,sum_array,16384,256,12717794,11,11,5239004827694973952,5239004827694973952
50,gcc-O0,20260916,622,13,measure,37,sum_array_twice,1024,4096,22151978,11,11,6957776840992784384,6957776840992784384
50,gcc-O0,20260916,623,13,measure,38,sum_indices,1024,4096,11813895,11,11,2145386496,2145386496
50,gcc-O0,20260916,624,13,measure,39,sum_array_bis,1048576,4,13617104,11,11,6540209064229282628,6540209064229282628
50,gcc-O0,20260916,625,13,measure,40,sum_array_bis,4096,1024,11132056,11,11,9207031103383816192,9207031103383816192
50,gcc-O0,20260916,626,13,measure,41,sum_indices,262144,16,12922880,11,11,549753716736,549753716736
50,gcc-O0,20260916,627,13,measure,42,sum_discarded,1024,4096,10691243,11,11,0,0
50,gcc-O0,20260916,628,13,measure,43,sum_indices,65536,64,12476153,11,11,137436856320,137436856320
50,gcc-O0,20260916,629,13,measure,44,sum_array_bis,65536,64,12636458,11,11,17176498036539465920,17176498036539465920
50,gcc-O0,20260916,630,14,measure,0,sum_indices,4096,1024,12295563,11,11,8587837440,8587837440
50,gcc-O0,20260916,631,14,measure,1,sum_array_bis,1024,4096,10838611,11,11,3478888420496392192,3478888420496392192
50,gcc-O0,20260916,632,14,measure,2,sum_discarded,256,16384,10362919,11,11,0,0
50,gcc-O0,20260916,633,14,measure,3,sum_array_bis,65536,64,12711354,11,11,17176498036539465920,17176498036539465920
50,gcc-O0,20260916,634,14,measure,4,sum_array_bis,256,16384,10028008,11,11,14405276049769955328,14405276049769955328
50,gcc-O0,20260916,635,14,measure,5,sum_array_twice,4096,1024,23057113,11,11,18414062206767632384,18414062206767632384
50,gcc-O0,20260916,636,14,measure,6,sum_array_twice,16384,256,25469241,11,11,10478009655389947904,10478009655389947904
50,gcc-O0,20260916,637,14,measure,7,sum_indices,65536,64,12566034,11,11,137436856320,137436856320
50,gcc-O0,20260916,638,14,measure,8,sum_indices,16384,256,12371101,11,11,34357641216,34357641216
50,gcc-O0,20260916,639,14,measure,9,sum_array,4096,1024,11114745,11,11,9207031103383816192,9207031103383816192
50,gcc-O0,20260916,640,14,measure,10,sum_array_bis,4194304,1,13703331,11,11,8713375893980767333,8713375893980767333
50,gcc-O0,20260916,641,14,measure,11,sum_array,4194304,1,13495089,11,11,8713375893980767333,8713375893980767333
50,gcc-O0,20260916,642,14,measure,12,sum_discarded,262144,16,12965710,11,11,0,0
50,gcc-O0,20260916,643,14,measure,13,sum_array,1024,4096,10744310,11,11,3478888420496392192,3478888420496392192
50,gcc-O0,20260916,644,14,measure,14,sum_array_twice,1024,4096,22070622,11,11,6957776840992784384,6957776840992784384
50,gcc-O0,20260916,645,14,measure,15,sum_discarded,1048576,4,13009984,11,11,0,0
50,gcc-O0,20260916,646,14,measure,16,sum_array_twice,256,16384,21176215,11,11,10363808025830359040,10363808025830359040
50,gcc-O0,20260916,647,14,measure,17,sum_array,16384,256,12687359,11,11,5239004827694973952,5239004827694973952
50,gcc-O0,20260916,648,14,measure,18,sum_array,256,16384,10119516,11,11,14405276049769955328,14405276049769955328
50,gcc-O0,20260916,649,14,measure,19,sum_indices,256,16384,10900364,11,11,534773760,534773760
50,gcc-O0,20260916,650,14,measure,20,sum_array_twice,1048576,4,25340215,11,11,13080418128458565256,13080418128458565256
50,gcc-O0,20260916,651,14,measure,21,sum_array_bis,4096,1024,11163925,11,11,9207031103383816192,9207031103383816192
50,gcc-O0,20260916,652,14,measure,22,sum_array_bis,1048576,4,12494659,11,11,6540209064229282628,6540209064229282628
50,gcc-O0,20260916,653,14,measure,23,sum_array,1048576,4,12292883,11,11,6540209064229282628,6540209064229282628
50,gcc-O0,20260916,654,14,measure,24,sum_discarded,4194304,1,13005446,11,11,0,0
50,gcc-O0,20260916,655,14,measure,25,sum_array,65536,64,12712758,11,11,17176498036539465920,17176498036539465920
50,gcc-O0,20260916,656,14,measure,26,sum_array_bis,16384,256,12756629,11,11,5239004827694973952,5239004827694973952
50,gcc-O0,20260916,657,14,measure,27,sum_indices,64,65536,10867636,11,11,132120576,132120576
50,gcc-O0,20260916,658,14,measure,28,sum_discarded,4096,1024,11227106,11,11,0,0
50,gcc-O0,20260916,659,14,measure,29,sum_array,64,65536,8029714,11,11,13631127524980752384,13631127524980752384
50,gcc-O0,20260916,660,14,measure,30,sum_array_twice,4194304,1,26486754,11,11,17426751787961534666,17426751787961534666
50,gcc-O0,20260916,661,14,measure,31,sum_array_bis,64,65536,9839405,11,11,13631127524980752384,13631127524980752384
50,gcc-O0,20260916,662,14,measure,32,sum_indices,4194304,1,12766861,11,11,8796090925056,8796090925056
50,gcc-O0,20260916,663,14,measure,33,sum_array_twice,64,65536,18754845,11,11,8815510976251953152,8815510976251953152
50,gcc-O0,20260916,664,14,measure,34,sum_discarded,1024,4096,10641992,11,11,0,0
50,gcc-O0,20260916,665,14,measure,35,sum_discarded,65536,64,12592192,11,11,0,0
50,gcc-O0,20260916,666,14,measure,36,sum_array_twice,65536,64,25211790,11,11,15906251999369380224,15906251999369380224
50,gcc-O0,20260916,667,14,measure,37,sum_array_bis,262144,16,12695244,11,11,18419503647289863136,18419503647289863136
50,gcc-O0,20260916,668,14,measure,38,sum_indices,1024,4096,11727170,11,11,2145386496,2145386496
50,gcc-O0,20260916,669,14,measure,39,sum_indices,262144,16,12416544,11,11,549753716736,549753716736
50,gcc-O0,20260916,670,14,measure,40,sum_array_twice,262144,16,25484815,11,11,18392263220870174656,18392263220870174656
50,gcc-O0,20260916,671,14,measure,41,sum_discarded,16384,256,12729534,11,11,0,0
50,gcc-O0,20260916,672,14,measure,42,sum_indices,1048576,4,12902352,11,11,2199021158400,2199021158400
50,gcc-O0,20260916,673,14,measure,43,sum_array,262144,16,12719746,11,11,18419503647289863136,18419503647289863136
50,gcc-O0,20260916,674,14,measure,44,sum_discarded,64,65536,10629945,11,11,0,0
50,gcc-O0,20260916,675,15,measure,0,sum_array,1024,4096,10773612,11,11,3478888420496392192,3478888420496392192
50,gcc-O0,20260916,676,15,measure,1,sum_indices,4194304,1,12901562,11,11,8796090925056,8796090925056
50,gcc-O0,20260916,677,15,measure,2,sum_discarded,262144,16,12803502,11,11,0,0
50,gcc-O0,20260916,678,15,measure,3,sum_array_twice,4096,1024,22941402,11,11,18414062206767632384,18414062206767632384
50,gcc-O0,20260916,679,15,measure,4,sum_array_bis,262144,16,12771917,11,11,18419503647289863136,18419503647289863136
50,gcc-O0,20260916,680,15,measure,5,sum_indices,262144,16,12491914,11,11,549753716736,549753716736
50,gcc-O0,20260916,681,15,measure,6,sum_array_twice,4194304,1,28288832,11,11,17426751787961534666,17426751787961534666
50,gcc-O0,20260916,682,15,measure,7,sum_array_twice,1048576,4,25727269,11,11,13080418128458565256,13080418128458565256
50,gcc-O0,20260916,683,15,measure,8,sum_array,4096,1024,11172690,11,11,9207031103383816192,9207031103383816192
50,gcc-O0,20260916,684,15,measure,9,sum_indices,1048576,4,12800745,11,11,2199021158400,2199021158400
50,gcc-O0,20260916,685,15,measure,10,sum_indices,4096,1024,12128614,11,11,8587837440,8587837440
50,gcc-O0,20260916,686,15,measure,11,sum_array_twice,64,65536,18857605,11,11,8815510976251953152,8815510976251953152
50,gcc-O0,20260916,687,15,measure,12,sum_array,64,65536,8405586,11,11,13631127524980752384,13631127524980752384
50,gcc-O0,20260916,688,15,measure,13,sum_array,1048576,4,13351522,11,11,6540209064229282628,6540209064229282628
50,gcc-O0,20260916,689,15,measure,14,sum_discarded,64,65536,8334559,11,11,0,0
50,gcc-O0,20260916,690,15,measure,15,sum_array_bis,16384,256,13347870,11,11,5239004827694973952,5239004827694973952
50,gcc-O0,20260916,691,15,measure,16,sum_array_bis,4194304,1,13689007,11,11,8713375893980767333,8713375893980767333
50,gcc-O0,20260916,692,15,measure,17,sum_array,4194304,1,14306172,11,11,8713375893980767333,8713375893980767333
50,gcc-O0,20260916,693,15,measure,18,sum_array_bis,1024,4096,11147481,11,11,3478888420496392192,3478888420496392192
50,gcc-O0,20260916,694,15,measure,19,sum_discarded,4096,1024,11536914,11,11,0,0
50,gcc-O0,20260916,695,15,measure,20,sum_array_bis,256,16384,10396689,11,11,14405276049769955328,14405276049769955328
50,gcc-O0,20260916,696,15,measure,21,sum_array_twice,1024,4096,23042383,11,11,6957776840992784384,6957776840992784384
50,gcc-O0,20260916,697,15,measure,22,sum_array_twice,262144,16,26657919,11,11,18392263220870174656,18392263220870174656
50,gcc-O0,20260916,698,15,measure,23,sum_array_bis,65536,64,13411140,11,11,17176498036539465920,17176498036539465920
50,gcc-O0,20260916,699,15,measure,24,sum_array_twice,256,16384,21952438,11,11,10363808025830359040,10363808025830359040
50,gcc-O0,20260916,700,15,measure,25,sum_array_twice,16384,256,26678450,11,11,10478009655389947904,10478009655389947904
50,gcc-O0,20260916,701,15,measure,26,sum_array,16384,256,13205661,11,11,5239004827694973952,5239004827694973952
50,gcc-O0,20260916,702,15,measure,27,sum_discarded,1024,4096,11078527,11,11,0,0
50,gcc-O0,20260916,703,15,measure,28,sum_indices,1024,4096,12206003,11,11,2145386496,2145386496
50,gcc-O0,20260916,704,15,measure,29,sum_array,256,16384,10422724,11,11,14405276049769955328,14405276049769955328
50,gcc-O0,20260916,705,15,measure,30,sum_discarded,1048576,4,13885277,11,11,0,0
50,gcc-O0,20260916,706,15,measure,31,sum_array_bis,64,65536,8265445,11,11,13631127524980752384,13631127524980752384
50,gcc-O0,20260916,707,15,measure,32,sum_discarded,4194304,1,13313714,11,11,0,0
50,gcc-O0,20260916,708,15,measure,33,sum_indices,16384,256,12425582,11,11,34357641216,34357641216
50,gcc-O0,20260916,709,15,measure,34,sum_discarded,16384,256,12623405,11,11,0,0
50,gcc-O0,20260916,710,15,measure,35,sum_indices,256,16384,10867387,11,11,534773760,534773760
50,gcc-O0,20260916,711,15,measure,36,sum_array_bis,1048576,4,13385697,11,11,6540209064229282628,6540209064229282628
50,gcc-O0,20260916,712,15,measure,37,sum_discarded,256,16384,9927607,11,11,0,0
50,gcc-O0,20260916,713,15,measure,38,sum_discarded,65536,64,12580437,11,11,0,0
50,gcc-O0,20260916,714,15,measure,39,sum_array,262144,16,13260112,11,11,18419503647289863136,18419503647289863136
50,gcc-O0,20260916,715,15,measure,40,sum_indices,65536,64,12374462,11,11,137436856320,137436856320
50,gcc-O0,20260916,716,15,measure,41,sum_array,65536,64,13125562,11,11,17176498036539465920,17176498036539465920
50,gcc-O0,20260916,717,15,measure,42,sum_indices,64,65536,10526805,11,11,132120576,132120576
50,gcc-O0,20260916,718,15,measure,43,sum_array_bis,4096,1024,12057239,11,11,9207031103383816192,9207031103383816192
50,gcc-O0,20260916,719,15,measure,44,sum_array_twice,65536,64,26433446,11,11,15906251999369380224,15906251999369380224
